"relative_path","category","size_bytes","sha256","description"
".gitattributes","repository_file","324","91b3b81496c92cd0e28a8a0fea84bac61e6658e9b8052445bab0247e82bd37b7","Repository file"
".gitignore","repository_file","144","c4b008f1e3cd1ca92670ad4c7552ab54366e288da4c8f4d89360c79b7211aa0f","Repository file"
"code/environments/audits/ecg_fm/environment_summary.md","code","1792","db70417faf3e1a1e1b2e7ee23b2fdb0ed490c1c735a5931ddf538df0e4345667","Execution script, configuration, or environment specification"
"code/environments/audits/ecg_fm/integration_preflight/environment_build.md","code","5006","bfcfe626d3090775e30c3fb40a58e5174446ad3ef018a57eaa18e00b6fed490b","Execution script, configuration, or environment specification"
"code/environments/audits/hubert_ecg/environment_archive_sync.stderr.log","code","120","3b6f8177e4d15730c63a5a733d72a22c62295c4a4ae79dac9a22a1e0b97d0386","Execution script, configuration, or environment specification"
"code/environments/audits/hubert_ecg/environment_archive_sync.stdout.log","code","0","e3b0c44298fc1c149afbf4c8996fb92427ae41e4649b934ca495991b7852b855","Execution script, configuration, or environment specification"
"code/environments/audits/hubert_ecg/environment_chunk_sync.stdout.log","code","12495","aa5fe6d28acf6bc2b33a72adeab3e208a098e61228feb64e42d609c84149c513","Execution script, configuration, or environment specification"
"code/environments/audits/st_mem/STMEM_STAGE_B_PRETEST_ENVIRONMENT_BLOCKER_20260818.md","code","908","c72e72339a21d730c907fdae5790475846eb146297b69a5e51de73ab82db8674","Execution script, configuration, or environment specification"
"code/environments/execution_control/PTBXL_FINAL_CLOSURE/PARALLEL_WORKER_POWER_ON_REQUIREMENTS.csv","code","2428","327b682d3ae7469494107fe0aa7b31d73b2d1f6efb1021625619de4fe4fb9c6b","Execution script, configuration, or environment specification"
"code/environments/execution_control/PTBXL_FINAL_CLOSURE/PARALLEL_WORKER_REMOTE_INSTANCE_REQUIREMENTS.csv","code","178","e61ba18436e969bb13a3119b502c2d7e109abc13aec4b33ed11a38f2b7be0763","Execution script, configuration, or environment specification"
"code/execution_overlays/audits/ecgfm_ked/ECGFM_KED_NESTED_LOADER_MINIMAL.patch","execution_overlay","689","734f46604159ff8c95560f02392755458b39d29d951c7dbc8da51de3db2bb2f8","Accepted execution compatibility overlay"
"code/execution_overlays/audits/ecgfm_ked_batch64_gate/ECGFM_KED_EXECUTION_STAGE_SEPARATION_PROPOSED.patch","execution_overlay","1154","007a58f614dfd354e1b5cdcef800a45fae2c7a1552eb6c7fd73cd90144c3f0ae","Accepted execution compatibility overlay"
"code/execution_overlays/audits/ecgfm_ked_formal_test_remediation/ECGFM_KED_FORMAL_TEST_REMEDIATION_PROPOSED.patch","execution_overlay","2233","604b0b202a1597ffa64783f94911688d8f549fd0948295d0b9451e3d228db300","Accepted execution compatibility overlay"
"code/execution_overlays/audits/hubert_ecg/HUBERT_ECG_RUNTIME_RESAMPLING_MINIMAL.patch","execution_overlay","689","0791b7ace9b04f19506130a6c4668a6a8367a1ad55651298e3516667bb227cc1","Accepted execution compatibility overlay"
"code/execution_overlays/audits/hubert_ecg/hubert_ecg_test_bootstrap_stage_separation_proposed.patch","execution_overlay","2287","46a8f3350b6424bd06545ebce162e2a4e9bc62ef59386d5b70a81e53ab752dd6","Accepted execution compatibility overlay"
"code/execution_overlays/audits/st_mem/STMEM_IMPORT_ISOLATION_PROPOSED_20260818.patch","execution_overlay","2815","f959720c679a005c8bd2484ec4c5d614da77d7c3aea48a499cab491af01aa491","Accepted execution compatibility overlay"
"code/execution_overlays/audits/st_mem/STMEM_IMPORT_ISOLATION_PROPOSED_MECHANICAL_20260818.patch","execution_overlay","2934","39b49a369b35a0f48d82cf16b2dc16ab4ea8edfcd29a60a8306a1b4e5529d150","Accepted execution compatibility overlay"
"code/execution_overlays/audits/st_mem/STMEM_IMPORT_ISOLATION_PROPOSED_REGENERATED_20260818.patch","execution_overlay","2816","afbeb94f79023c5010f6b038192709cc938a42955ce3b5329f2686f21ea9323c","Accepted execution compatibility overlay"
"code/execution_overlays/audits/st_mem/STMEM_IMPORT_ISOLATION_PROPOSED_VALID_20260818.patch","execution_overlay","2918","f7d371d346a4e4173d422efb0c8ff8d94fc524e067a88dec1a1a287344153117","Accepted execution compatibility overlay"
"code/execution_overlays/audits/st_mem/STMEM_OPTIMIZER_GROUPING_MINIMAL.patch","execution_overlay","1331","732ad2e1eb315dd37f34c1fd9f7234cfe031f373acbfeedeff24ae3c2817f96a","Accepted execution compatibility overlay"
"code/execution_overlays/audits/st_mem/STMEM_RUNTIME_RESAMPLING_MINIMAL.patch","execution_overlay","782","edf6365b1b5acd519a821cf52ba30b8b0cade39ce3ab55c8406e79b1923ab06c","Accepted execution compatibility overlay"
"code/execution_overlays/audits/st_mem/STMEM_TEST_BOOTSTRAP_STAGE_SEPARATION_PROPOSED.patch","execution_overlay","2219","b8b6747a5906d276ae43d28c4d2be1e22aa03a5198f37487f5e7adde68762f7b","Accepted execution compatibility overlay"
"code/execution_overlays/audits/st_mem/STMEM_TEST_BOOTSTRAP_STAGE_SEPARATION_REGENERATED_20260818.patch","execution_overlay","2100","948319f2612c26e2dc0847f515de5028b66840689ac710feda489e3ebac2ef5d","Accepted execution compatibility overlay"
"code/execution_overlays/experiments/ptbxl_all/ecg_fm/provenance/test_bootstrap_stage_separation_20260818T000000Z/git_diff_affected_files.patch","execution_overlay","2780","5504f5afcf4ed2f755ee9e0f0f36d5102ec72d3ddd8624a4fd8dc42d4e0f8021","Accepted execution compatibility overlay"
"code/execution_overlays/experiments/ptbxl_all/ecg_fm/provenance/test_bootstrap_stage_separation_20260818T000000Z/new_main_lite_base_diff.patch","execution_overlay","1695","d07bc069742e45299545f73dc8fbf0722d9ebe167cda6a019ba7d49812608e3f","Accepted execution compatibility overlay"
"code/execution_overlays/experiments/ptbxl_all/ecg_fm/provenance/test_bootstrap_stage_separation_20260818T000000Z/new_main_lite_diff.patch","execution_overlay","998","b62d537b8adf8256e9e239a2a16a947f5ea6e6a51c9c79cd6b852ba678f0cb35","Accepted execution compatibility overlay"
"code/execution_overlays/experiments/ptbxl_all/ecg_fm/provenance/test_bootstrap_stage_separation_20260818T000000Z/proposed_and_applied.patch","execution_overlay","1963","8ba6b4b6f31cf664b99b932f2bdd38a13f7839526b04bd5160be3d4ea7ced592","Accepted execution compatibility overlay"
"code/execution_overlays/experiments/ptbxl_all/ecg_fm/remote_artifacts/ecg_fm_ptbxl_all_formal_20260817T104823Z/evidence/approved_source_diff.patch","execution_overlay","17251","c33703e265d0f1a6d50ddb905046ce3f24aa712294fe6dcc33d66d0dd0ad50e9","Accepted execution compatibility overlay"
"code/execution_overlays/experiments/ptbxl_all/ecg_fm/remote_artifacts/ecg_fm_ptbxl_all_formal_20260817T104823Z/test_stage_no_bootstrap_20260817T163225Z/evidence/git_diff_full.patch","execution_overlay","19471","5b67ce6009a43fbe53d335a642184ad86dd829e0e631e6dd1bdd1aa913102e3b","Accepted execution compatibility overlay"
"code/execution_overlays/experiments/ptbxl_all/ecgfm_ked/formal_archive_195/audits/ecgfm_ked_execution_stage_separation/git_diff_after.patch","execution_overlay","2173","df368f583caa18b044b0cc37b5234f9663aac5eee78fe499db83cbc2bff5172e","Accepted execution compatibility overlay"
"code/execution_overlays/experiments/ptbxl_all/ecgfm_ked/formal_archive_195/audits/ecgfm_ked_execution_stage_separation/git_diff_before.patch","execution_overlay","985","f2ba521096ec6ccf2b0e02fc6bc281ca3891c12cba6dd32616df0910a5383ce0","Accepted execution compatibility overlay"
"code/execution_overlays/experiments/ptbxl_all/ecgfm_ked/formal_archive_195/audits/ecgfm_ked_formal_test_remediation/exact_applied_diff.patch","execution_overlay","3788","97ffb3fb52d17da85bd1aa613825550309596918656034ed5a3993d5d7f089df","Accepted execution compatibility overlay"
"code/execution_overlays/experiments/ptbxl_all/st_mem/remote_audits/STMEM_119_OPTIMIZER_GROUPING_APPLIED.patch","execution_overlay","1443","9d94819b75cd82e64d458a488b22222e2c19e8d8bc4d4585f80cc75146ec2e50","Accepted execution compatibility overlay"
"code/execution_overlays/experiments/ptbxl_all/st_mem/remote_audits/STMEM_119_RUNTIME_RESAMPLING_APPLIED.patch","execution_overlay","720","8b37fdc69043e037fa9376d9bbb011aa39376452aff6fe9ef9479c3cbcf66a11","Accepted execution compatibility overlay"
"code/locked_upstream/.gitignore","locked_upstream","0","e3b0c44298fc1c149afbf4c8996fb92427ae41e4649b934ca495991b7852b855","Clean file from pinned upstream commit"
"code/locked_upstream/abstract.svg","locked_upstream","3331327","a18399d9d41871a3ab85c8f6237281db4234471a46306dc2d3caa255b89e6619","Clean file from pinned upstream commit"
"code/locked_upstream/code/.gitignore","locked_upstream","40","9ad7b1b7f7673bda47e279e406edf8188c95b1ce44e7f635053da20b791602e2","Clean file from pinned upstream commit"
"code/locked_upstream/code/clinical_ts/config.py","locked_upstream","3950","5a11c970ba77c096c3efb56e308492dd5bc046cb09b7e95916fcc51e82c485b8","Clean file from pinned upstream commit"
"code/locked_upstream/code/clinical_ts/data/time_series_dataset.py","locked_upstream","24677","2ead9f77bf096d11126db9768850e0b770667cce1fd131f76ad9cf2c8da035ac","Clean file from pinned upstream commit"
"code/locked_upstream/code/clinical_ts/data/time_series_dataset_transforms.py","locked_upstream","17339","f32dab9259f0cf14551628ba921ca617b6d59ebbb23e5dfc18f717fb219afaf0","Clean file from pinned upstream commit"
"code/locked_upstream/code/clinical_ts/data/time_series_dataset_utils.py","locked_upstream","20816","d62ebc3a71c16b6061038e53ba0aabe27489fa7e64065eced4d6f31cbab88f70","Clean file from pinned upstream commit"
"code/locked_upstream/code/clinical_ts/loss/selfsupervised.py","locked_upstream","4992","f8ddcf0f028d9f291731039cf4ec8bcaf184df8fd1fb58532fd40bb438610713","Clean file from pinned upstream commit"
"code/locked_upstream/code/clinical_ts/loss/supervised.py","locked_upstream","9938","97b646f2df96c9d55b78208069f34ef90f5c68b78a7520ef7fe82a87f960f700","Clean file from pinned upstream commit"
"code/locked_upstream/code/clinical_ts/metric/base.py","locked_upstream","16463","b2d0ec2e769e56bfc0c6233452a65b041b60285a33715ef878881fc4a302160f","Clean file from pinned upstream commit"
"code/locked_upstream/code/clinical_ts/models/basic_conv1d.py","locked_upstream","10525","0406533acf941a98571cf09c6fe3a7a817f65f27dd1b06aa5eec4b787f77454e","Clean file from pinned upstream commit"
"code/locked_upstream/code/clinical_ts/models/conf/data/ecg_ptbxl.yaml","locked_upstream","99","74c003952c7be0f97ab98127c1ca67064ef3f624437dfc783700620838652c68","Clean file from pinned upstream commit"
"code/locked_upstream/code/clinical_ts/models/ecg_foundation_models/ecg_cpc/basic_io.py","locked_upstream","2915","35cb14de9171e56ca06e1f068a4254e7ba040cd1cae85c360400fd97182e15ad","Clean file from pinned upstream commit"
"code/locked_upstream/code/clinical_ts/models/ecg_foundation_models/ecg_fm_config.py","locked_upstream","1205","8ce4c45945c164626f1ad2292de67dc36d477ef1ce0964b7ad30f75f77df18cd","Clean file from pinned upstream commit"
"code/locked_upstream/code/clinical_ts/models/ecg_foundation_models/ecg_founder.py","locked_upstream","12565","e0971554a22e4f50d0b377542796f5bad5e8e6cdc00ce6171d26e7270bc35b43","Clean file from pinned upstream commit"
"code/locked_upstream/code/clinical_ts/models/ecg_foundation_models/ecg_jepa/ecg_jepa.py","locked_upstream","23373","6ad8cba0cd829d9d76128c6142515efc469390419453bbb3e6de8c77cdf9b916","Clean file from pinned upstream commit"
"code/locked_upstream/code/clinical_ts/models/ecg_foundation_models/ecg_jepa/ecg_jepa_utils.py","locked_upstream","641","e0d2f93216ad3c345647a42afdc720b51061b0e6fab41b53d0080cdebe8ad42f","Clean file from pinned upstream commit"
"code/locked_upstream/code/clinical_ts/models/ecg_foundation_models/ecgfm_ked.py","locked_upstream","11107","9e58e5d75ce87735e40e01ef24ef74a60424326602e3843066419fec47a8dccd","Clean file from pinned upstream commit"
"code/locked_upstream/code/clinical_ts/models/ecg_foundation_models/hubert_ecg/config.py","locked_upstream","1435","725dbbbe19cd71f724bdd88b268d702cbaacbe50c7fe8b10dc4d69d4ef004741","Clean file from pinned upstream commit"
"code/locked_upstream/code/clinical_ts/models/ecg_foundation_models/hubert_ecg/hubert_ecg.py","locked_upstream","6777","b58086701159587737f8457f5363b4f0f05ceddf7274e2d552e66606c6cb1912","Clean file from pinned upstream commit"
"code/locked_upstream/code/clinical_ts/models/ecg_foundation_models/hubert_ecg/hubert_ecg_classification.py","locked_upstream","5475","408e4ad580b34aa066d2e91d6a2cfc57d85a6bf014cf13219d554c67f97514d2","Clean file from pinned upstream commit"
"code/locked_upstream/code/clinical_ts/models/ecg_foundation_models/hubert_ecg/utils.py","locked_upstream","1227","d5d8a5cb8a12070fb988bbb7b9fecb38cbf5319dfbcf4945dac89a945aabc788","Clean file from pinned upstream commit"
"code/locked_upstream/code/clinical_ts/models/ecg_foundation_models/merl/resnet1d.py","locked_upstream","4272","77c8c704a0fe00bd2f505f4dffef656dd3bff28804b8a0a17e8be8e4cdf2c695","Clean file from pinned upstream commit"
"code/locked_upstream/code/clinical_ts/models/ecg_foundation_models/merl/vit1d.py","locked_upstream","9220","d34db10c567030b7875c867073f89adf733b7e340c2a1e4a3b5f7e0b205520a7","Clean file from pinned upstream commit"
"code/locked_upstream/code/clinical_ts/models/ecg_foundation_models/st_mem/__init__.py","locked_upstream","195","0097f642ac0191a2b5a164496753b3854cb634ca73f78ea9b10ef02a79418c28","Clean file from pinned upstream commit"
"code/locked_upstream/code/clinical_ts/models/ecg_foundation_models/st_mem/encoder/__init__.py","locked_upstream","233","b45a7c86420a05eb7f203ff015d3ff05766ca63cdfc5055f4aeb6293cb54e029","Clean file from pinned upstream commit"
"code/locked_upstream/code/clinical_ts/models/ecg_foundation_models/st_mem/encoder/mlae_vit.py","locked_upstream","4628","07f8ba4d80e885daa547f32b0cc5d53ebf5b21a2e1c42031c8e7917c1f900f3c","Clean file from pinned upstream commit"
"code/locked_upstream/code/clinical_ts/models/ecg_foundation_models/st_mem/encoder/st_mem_vit.py","locked_upstream","6613","f53aa2e31f4587714aafb78de9e7555fc11bf7e93cda59c849a2aa43e331101b","Clean file from pinned upstream commit"
"code/locked_upstream/code/clinical_ts/models/ecg_foundation_models/st_mem/encoder/vit.py","locked_upstream","9988","49a7088e22114ef48270ac9763cbe8ac35977a581a5e6ff99976218c6aac597a","Clean file from pinned upstream commit"
"code/locked_upstream/code/clinical_ts/models/ecg_foundation_models/st_mem/mlae.py","locked_upstream","5658","4e89b58009c8d2513180249f033245befce4187c75e3a6729e126ef1e2686ec1","Clean file from pinned upstream commit"
"code/locked_upstream/code/clinical_ts/models/ecg_foundation_models/st_mem/mtae.py","locked_upstream","12013","832de987f7c8e9d4c36886250ef003561f3d03d70bd19e95c6ac7901774ab9d6","Clean file from pinned upstream commit"
"code/locked_upstream/code/clinical_ts/models/ecg_foundation_models/st_mem/st_mem.py","locked_upstream","13562","9d9c5486b30eb202a6e134bf65dba9ce058d4294de1f26ed2186d2530fcc93d9","Clean file from pinned upstream commit"
"code/locked_upstream/code/clinical_ts/models/fm_ecg.py","locked_upstream","43880","bf7e4e706ae39aa8b27a2efe2d947aee88ffbe9f0e4510802dfc0a0101cadfbd","Clean file from pinned upstream commit"
"code/locked_upstream/code/clinical_ts/models/fm_eeg.py","locked_upstream","479","5c11c3b57116f2903f5ec7fb36e23715a5644f8afa19428fcf62bbc81a36fa64","Clean file from pinned upstream commit"
"code/locked_upstream/code/clinical_ts/models/fm_movement.py","locked_upstream","499","2eee443c9897257caa5d0790aa6dfa8bc8a0a2b05bca6490be62728f4a5d47e4","Clean file from pinned upstream commit"
"code/locked_upstream/code/clinical_ts/models/inception1d.py","locked_upstream","4062","0f0f13067418c94a0423126d77c3a70cf2390ac75122c38447715392876ceb93","Clean file from pinned upstream commit"
"code/locked_upstream/code/clinical_ts/models/s4_model.py","locked_upstream","4046","97347e95427665171c22e42e29192779d54f3f97a765d574beb002d4963f78df","Clean file from pinned upstream commit"
"code/locked_upstream/code/clinical_ts/models/s42.py","locked_upstream","41069","298684528e467a0044fd391980adaf541dd728facd6c25ca3e54e797c2f4dccb","Clean file from pinned upstream commit"
"code/locked_upstream/code/clinical_ts/models/xresnet1d.py","locked_upstream","9876","7152fe18d69bf42ecc9d2f9a5f56b979f2f0a7032c2e379a8e0670a3bd007685","Clean file from pinned upstream commit"
"code/locked_upstream/code/clinical_ts/task/ecg.py","locked_upstream","3223","d1d5e80667943bfa89957e7ba82c039e010a039f2298e2500b96b16c4f44601b","Clean file from pinned upstream commit"
"code/locked_upstream/code/clinical_ts/template_model.py","locked_upstream","57570","5b5afd25131124d793f87f40acbfeccbda69a3a4f8eb0fa13925ce3f3513f8e5","Clean file from pinned upstream commit"
"code/locked_upstream/code/clinical_ts/template_modules.py","locked_upstream","34143","244cf3decd484d27bcd6a841138ed991a90f54a96cfe1f370ce698e918fbc51d","Clean file from pinned upstream commit"
"code/locked_upstream/code/clinical_ts/ts/basic_conv1d_modules/basic_conv1d.py","locked_upstream","10525","0406533acf941a98571cf09c6fe3a7a817f65f27dd1b06aa5eec4b787f77454e","Clean file from pinned upstream commit"
"code/locked_upstream/code/clinical_ts/ts/encoder.py","locked_upstream","4386","015fca415da5dbae86d63e3fb26da4555d9f7298e19df7de1976c4b867db06eb","Clean file from pinned upstream commit"
"code/locked_upstream/code/clinical_ts/ts/head.py","locked_upstream","18857","07e4f148ef9d69d0aa54ee211e1e44f430287fb3f4aa07eff5600275b11c7154","Clean file from pinned upstream commit"
"code/locked_upstream/code/clinical_ts/ts/s4.py","locked_upstream","1739","d9cb884a424c2332235c7bff1488b9f8148e50ec2e973912cb9c64842f04a8f8","Clean file from pinned upstream commit"
"code/locked_upstream/code/clinical_ts/ts/s4_modules/s4_model.py","locked_upstream","4399","d90012d3a85243a3011cf381f23197ef041db67d494123cbf8ac2f073fe68909","Clean file from pinned upstream commit"
"code/locked_upstream/code/clinical_ts/ts/s4_modules/s4_utils.py","locked_upstream","1120","0aba23399d9417e05ceee77841a798a155695dcbd5825ac1664c8383322f7eea","Clean file from pinned upstream commit"
"code/locked_upstream/code/clinical_ts/ts/s4_modules/s42.py","locked_upstream","41180","49d40107e53910b2c538f875442a5e4d81da7942d6e7239bdad2176315c29a82","Clean file from pinned upstream commit"
"code/locked_upstream/code/clinical_ts/utils/basic_io.py","locked_upstream","3943","031591e9d10468ae7bee7738165b6ad525f7abbfc6be0c9aa0696231e6097c7e","Clean file from pinned upstream commit"
"code/locked_upstream/code/clinical_ts/utils/bootstrap_utils.py","locked_upstream","3915","506debc7e1c14747adcf1262c50a0ebd30171de039d10d19e7eb92430223e426","Clean file from pinned upstream commit"
"code/locked_upstream/code/clinical_ts/utils/callbacks.py","locked_upstream","6208","7a46f780c5bd8f888caaa3c42e742e562dbbbdae06589dc6fcbf1df415d9cace","Clean file from pinned upstream commit"
"code/locked_upstream/code/clinical_ts/utils/ecg_utils.py","locked_upstream","79045","244714ca658cc8563e644afc085c177ffada37fb98c69ea66ce08686385f5fd3","Clean file from pinned upstream commit"
"code/locked_upstream/code/clinical_ts/utils/eval_utils_cafa.py","locked_upstream","11750","0e12f6423e8f0904fe89f7f739fb5313a290660e8dd2386e919303983c153c35","Clean file from pinned upstream commit"
"code/locked_upstream/code/clinical_ts/utils/eval_utils_regression.py","locked_upstream","2033","6b2d95f22b6f9764c10cbed4952a1a38159a86bde8b8a26d9db6ed5ee46ef7f8","Clean file from pinned upstream commit"
"code/locked_upstream/code/clinical_ts/utils/heads.py","locked_upstream","3731","b812de6bbf0c5d7f85c554161b6a67985880b9ee17ea492e788fe9be9a4105dc","Clean file from pinned upstream commit"
"code/locked_upstream/code/clinical_ts/utils/mimic_ecg_preprocessing.py","locked_upstream","9608","da743b5b9b7d4fc3e1d188a0a179440300299fb014c3d4071ca2e6c4f6d6d7b6","Clean file from pinned upstream commit"
"code/locked_upstream/code/clinical_ts/utils/misc_utils.py","locked_upstream","5224","6f592d007f107aeda220a236330f982ddb925609c12cf175373394da5209974d","Clean file from pinned upstream commit"
"code/locked_upstream/code/clinical_ts/utils/schedulers.py","locked_upstream","9890","593ed77ae10933d7706fca83f84a44e9ae4c5fb9ef5cc1a6d71ceee999b13361","Clean file from pinned upstream commit"
"code/locked_upstream/code/clinical_ts/utils/stratify.py","locked_upstream","13950","59bd1112a72ebf5f8f0f28dee2b682ee009f728e78b943aad77c94846043334b","Clean file from pinned upstream commit"
"code/locked_upstream/code/conf/config_cpc_ecg_s4_heedb.yaml","locked_upstream","4673","d95f1d78e8476c6caa7080c645774e7efb39ca442c46d688a92ba5c85c8f3b7e","Clean file from pinned upstream commit"
"code/locked_upstream/code/conf/data/ecg_heedb_S0001-1987.yaml","locked_upstream","80","5171f02bc741678ee535ea80548cda803d6187dcdb9d07242bb1c615a01d6957","Clean file from pinned upstream commit"
"code/locked_upstream/code/conf/data/ecg_heedb_S0001-1988.yaml","locked_upstream","81","071566429fdcd7d35c4acb1457f104790c241432c067701eeffb793ad366da99","Clean file from pinned upstream commit"
"code/locked_upstream/code/conf/data/ecg_heedb_S0001-1994.yaml","locked_upstream","81","179e322252b8308a8646ae4c9659b4ca381969db682597fa5b548cfb006205d3","Clean file from pinned upstream commit"
"code/locked_upstream/code/conf/data/ecg_heedb_S0001-2006.yaml","locked_upstream","81","6a62bbe90c6f2f08b153c28b1eb0d19a90e97bdaf08223eec306448401ae0c9e","Clean file from pinned upstream commit"
"code/locked_upstream/code/conf/data/ecg_heedb_S0001-2007.yaml","locked_upstream","81","120d31d05e1e4220e62bac6b30dc4212d3a2de40c215fd858ca15ea0612c3c69","Clean file from pinned upstream commit"
"code/locked_upstream/code/conf/data/ecg_heedb_S0001-2011.yaml","locked_upstream","81","e3f0f6019b5a95f321d695cd41f60381c98d9eb689b140bcb5233dd871f9390e","Clean file from pinned upstream commit"
"code/locked_upstream/code/conf/data/ecg_heedb_S0001-2013.yaml","locked_upstream","81","de3f9c087fc65f09209a5bfb44ca3117143de579671e177a0274fe326c47ec55","Clean file from pinned upstream commit"
"code/locked_upstream/code/conf/data/ecg_heedb_S0001-2015.yaml","locked_upstream","81","128af0521ffd8e598391b480d7444b2de4a99ea8297b18bd629010b8867a2b34","Clean file from pinned upstream commit"
"code/locked_upstream/code/conf/data/ecg_heedb_S0001-2016.yaml","locked_upstream","81","2902bbd8d835f023e84d9c68723101ee16c5ceed374ec18b624014ef3246f93b","Clean file from pinned upstream commit"
"code/locked_upstream/code/conf/data/ecg_heedb_S0001-2017.yaml","locked_upstream","81","d70fe4454c6721aa35bd2f27b0cf5d0a0b4b24ed2fda5383f39c30c092783abe","Clean file from pinned upstream commit"
"code/locked_upstream/code/conf/data/ecg_heedb_S0001-2018.yaml","locked_upstream","81","6ce8fb04589ab47aa53d8f088ae9e0fc782b6095a740cc62632bb16f4e888050","Clean file from pinned upstream commit"
"code/locked_upstream/code/conf/data/ecg_heedb_S0001-2019.yaml","locked_upstream","81","91196b671833b709cadd4d39f77efd6500f27ffb8e818a3e060434e3fe95266d","Clean file from pinned upstream commit"
"code/locked_upstream/code/conf/data/ecg_heedb_S0001-2020.yaml","locked_upstream","81","ca0ac5acf80933dd2d44e8c6f98ff4178a02fef11a87975888501565c4f3949d","Clean file from pinned upstream commit"
"code/locked_upstream/code/conf/data/ecg_heedb_S0001-2021.yaml","locked_upstream","81","040b201961df65fca478edfea8de4aa46470ce6dfc8b27a68b2e8a7e2b3bb386","Clean file from pinned upstream commit"
"code/locked_upstream/code/conf/data/ecg_heedb_S0002-1993.yaml","locked_upstream","81","2933c5bc1ec4a3a62bd4d27f1d95553b769d0b67e054f122ee9b61f465aab4a1","Clean file from pinned upstream commit"
"code/locked_upstream/code/conf/data/ecg_heedb_S0002-1997.yaml","locked_upstream","81","dd094754002afd7c033109b5ccc1869cec6e4a94ce122f303b7a00d305a9532e","Clean file from pinned upstream commit"
"code/locked_upstream/code/conf/data/ecg_heedb_S0002-1998.yaml","locked_upstream","81","5585caa5938b946c05c66354aa35277d0d96636395eae5c0193e59c0227a51af","Clean file from pinned upstream commit"
"code/locked_upstream/code/conf/data/ecg_heedb_S0002-2000.yaml","locked_upstream","81","66895534049acfc025365c066a5d6fea60c74eca17d4fcfe9733a26686910fb5","Clean file from pinned upstream commit"
"code/locked_upstream/code/conf/data/ecg_heedb_S0002-2003.yaml","locked_upstream","81","d5b0c45b754f2e1a4fa1108046509318c9ea11fb130c09c41d8945dc2ab617fe","Clean file from pinned upstream commit"
"code/locked_upstream/code/conf/data/ecg_heedb_S0002-2004.yaml","locked_upstream","81","1c71c03af3fe11b3eb4f98850fa70323ead382bbdd45eacef6bf1013e16c0fe6","Clean file from pinned upstream commit"
"code/locked_upstream/code/conf/data/ecg_heedb_S0002-2008.yaml","locked_upstream","81","9f9eae21d5b22556439579a7937eab1a2113c91962158fad53de816f5161c115","Clean file from pinned upstream commit"
"code/locked_upstream/code/conf/data/ecg_heedb_S0002-2009.yaml","locked_upstream","81","ae6b9e9137332744af319bc56136a57705ba35812d7b16209ee5479fc5e772c4","Clean file from pinned upstream commit"
"code/locked_upstream/code/conf/data/ecg_heedb_S0002-2013.yaml","locked_upstream","81","ac52b301599250c82b381358277b6ec178b56f7e874d585c6f6ad9ad816a5fb6","Clean file from pinned upstream commit"
"code/locked_upstream/code/conf/data/ecg_heedb_S0002-2015.yaml","locked_upstream","81","63516d755fdf745931205a8e8b4f580dffa4f6271900b51e543760627c31789f","Clean file from pinned upstream commit"
"code/locked_upstream/code/conf/data/ecg_heedb_S0002-2016.yaml","locked_upstream","81","d6d50a949d366f41fc7731677468330755f44d4b083e35dbb9378afec891781b","Clean file from pinned upstream commit"
"code/locked_upstream/code/conf/data/ecg_heedb_S0002-2018.yaml","locked_upstream","81","a90043f24390b28f7d2a54213caec204fb7077ab09c5eb071ff685a871dc72fc","Clean file from pinned upstream commit"
"code/locked_upstream/code/conf/data/ecg_heedb_S0002-2020.yaml","locked_upstream","81","d4ac93cf2d47c2637e4b16e0e03fdb003006936fc3712e05f915d1c0156ec1d4","Clean file from pinned upstream commit"
"code/locked_upstream/code/conf/data/ecg_heedb_S0002-2022.yaml","locked_upstream","81","46feb6d44ca27f70928d404084b7a7b3496e0d35aa322902b8c74ed1cc01705c","Clean file from pinned upstream commit"
"code/locked_upstream/code/conf/data/ecg_heedb_S0003-1990.yaml","locked_upstream","81","9a7fa477b5c8e89101f045399026e6bff0dd7e2ab81cbb48c8ba34f678ef6d9f","Clean file from pinned upstream commit"
"code/locked_upstream/code/conf/data/ecg_heedb_S0003-1994.yaml","locked_upstream","81","0784a8488059442c2ed89769c433c089e608d323c84900f911c7d0365c422422","Clean file from pinned upstream commit"
"code/locked_upstream/code/conf/data/ecg_heedb_S0003-2009.yaml","locked_upstream","81","2bfd480eb35ed84adf36b96acf34f412379dd56533316aed6fde70d5146f2832","Clean file from pinned upstream commit"
"code/locked_upstream/code/conf/data/ecg_heedb_S0003-2010.yaml","locked_upstream","81","a20d19b87be3b3546e69600d7f7195c14d1e4b996770399ed5db62127dbbda3b","Clean file from pinned upstream commit"
"code/locked_upstream/code/conf/data/ecg_heedb_S0003-2013.yaml","locked_upstream","81","b1161899f0f2861b6609905a08137521e325122e2d9b18d8d8296af10677524b","Clean file from pinned upstream commit"
"code/locked_upstream/code/conf/data/ecg_heedb_S0004-2019.yaml","locked_upstream","81","094fe36cd011e3f399f55507aadd773cc59e9a96f60679fd4f6ca4f6a15d8218","Clean file from pinned upstream commit"
"code/locked_upstream/code/extensions/cauchy/benchmark_cauchy.py","locked_upstream","1670","3ac3f2ef26537e82dc558f5dba5eba6b60e216c17d06d2e96eb3a199fccf1ba6","Clean file from pinned upstream commit"
"code/locked_upstream/code/extensions/cauchy/benchmark_cauchy_tune.py","locked_upstream","2361","527eb499ad3111196c8ee8c306af39356afbd8e5080abf3d274a317d435313aa","Clean file from pinned upstream commit"
"code/locked_upstream/code/extensions/cauchy/cauchy.cpp","locked_upstream","3671","c36e49705455634a1d0d128743f0fb856a116b4dd7df31390eb576cb9028beb2","Clean file from pinned upstream commit"
"code/locked_upstream/code/extensions/cauchy/cauchy.py","locked_upstream","3877","846eba12b37b13bbd0d7f19021f54b36805a42bbb6d59ebed98db8a0751a2a80","Clean file from pinned upstream commit"
"code/locked_upstream/code/extensions/cauchy/cauchy_cuda.cu","locked_upstream","23305","a5775f195731447545adf93735a4f0b7a88ebb0fcca80250782fa44edecac279","Clean file from pinned upstream commit"
"code/locked_upstream/code/extensions/cauchy/map.h","locked_upstream","2953","98942dab02fd7288fc20ceedbf1d30c5cbbd68e1b7c360b69b59b907400cf47c","Clean file from pinned upstream commit"
"code/locked_upstream/code/extensions/cauchy/setup.py","locked_upstream","838","160b483cb08fa4df191a646d5220352730314f5362318448ffbcfd874a5b8cd1","Clean file from pinned upstream commit"
"code/locked_upstream/code/extensions/cauchy/test_cauchy.py","locked_upstream","5450","f2036ec9a513ff4a8bf64715f2976f7021b541a660ef23b9fb73782a90adc27d","Clean file from pinned upstream commit"
"code/locked_upstream/code/extensions/cauchy/tune_cauchy.py","locked_upstream","2551","6c33b47d6676f4f5034607bc69c99774ebbf90fc142957e390c3e9c1a3f9facc","Clean file from pinned upstream commit"
"code/locked_upstream/code/extensions/cauchy/tune_cauchy.sh","locked_upstream","1106","99bfd04bcd2386da4bef480532230442cb4657c665201afc10681da24d414b35","Clean file from pinned upstream commit"
"code/locked_upstream/code/extensions/cauchy/tuner.py","locked_upstream","6937","0c4ab91613a05b81a316010dde412310281b313b9adffebcd2586e8cbfb48978","Clean file from pinned upstream commit"
"code/locked_upstream/code/extensions/cauchy/tuning_setup.py","locked_upstream","1164","d273819071e2981338d96b31c5ce4aa8db03f7d3f4d93389f70687a6e0d41b26","Clean file from pinned upstream commit"
"code/locked_upstream/code/extensions/kernels/setup.py","locked_upstream","910","25bd691728aedec07392e93297b7e1e065b6ce18e2a5ce2fb28544677fe76b08","Clean file from pinned upstream commit"
"code/locked_upstream/code/main_lite.py","locked_upstream","28147","c8246ed25a35492bdabc5c9c3eb2cf285c66872168f262a069ac425be13c36db","Clean file from pinned upstream commit"
"code/locked_upstream/code/main_lite_base.py","locked_upstream","22784","936fc3aaacc8a705c510ec0d9bfd9e2aa646943ee369088332db4b049a55d4c1","Clean file from pinned upstream commit"
"code/locked_upstream/code/main_lite_ecg.py","locked_upstream","20575","57fc09d08001aab148ab95cf4c87e037d523fbea9448443e593d72d00ddbe295","Clean file from pinned upstream commit"
"code/locked_upstream/code/main_lite_eeg.py","locked_upstream","569","30c40ac2c5a52929e25a97dfb5dbe6d63ef83c6851734c27ce09751c0ef1a385","Clean file from pinned upstream commit"
"code/locked_upstream/code/main_lite_movement.py","locked_upstream","619","8509a4cb37e29c66d04b035528562d292d9541d46553f677321bef418be719a1","Clean file from pinned upstream commit"
"code/locked_upstream/code/pretrain.py","locked_upstream","9360","9932488845345d16976097e9f27502d9ea9c8748a9c8f92a391a5a56f6f3ac3d","Clean file from pinned upstream commit"
"code/locked_upstream/Confidence_Interval.xlsx","locked_upstream","44456","01cd18ff55d1818ef52c47ae53c6b550729e185c873593738992b010d274d23c","Clean file from pinned upstream commit"
"code/locked_upstream/data/a.md","locked_upstream","1","01ba4719c80b6fe911b091a7c05124b64eeece964e09c058ef8f9805daca546b","Clean file from pinned upstream commit"
"code/locked_upstream/ecg_fm_env.yaml","locked_upstream","4756","f7c721e334fb0c2684b52f4290697e7c8ee31e9e5b708e35ca1c5c23b33712f2","Clean file from pinned upstream commit"
"code/locked_upstream/env.yaml","locked_upstream","5480","672b31effcca75e3ac8e5887252981516a390474c940d32bf068fc4bfe915b6c","Clean file from pinned upstream commit"
"code/locked_upstream/Label mappings 2021.xlsx","locked_upstream","147205","3a741e70b783f5ea0b70e5da6900fa9ef401ee0cb56f4460724cb244844aea40","Clean file from pinned upstream commit"
"code/locked_upstream/mimic_evaluation.py","locked_upstream","19591","d14e8b0fcdee2c1038336e0c0c3e6ed3a132941a88aad49dd52de835041ae421","Clean file from pinned upstream commit"
"code/locked_upstream/mimic_preprocessing.py","locked_upstream","23515","f0e9c4124f4cbdaf42dd013306fc39cf24a95895d3ce64b8b85d3fe8c3385a55","Clean file from pinned upstream commit"
"code/locked_upstream/preprocess_ecg_dataset.ipynb","locked_upstream","15989","082004555fe18c96aabed0587ab7d7e052e74e081031c6e65bd8075b66fce48c","Clean file from pinned upstream commit"
"code/locked_upstream/README.md","locked_upstream","4338","f5e840eef1c77709ec06e47bf7b799f90423307d6ae5ec14cc1c54e5ce7294e0","Clean file from pinned upstream commit"
"code/locked_upstream/run.sh","locked_upstream","6923","1ca474326ac375c773dc8cbcacaf9e9d7c04fa4ee296a6a60f4b0615cad85d19","Clean file from pinned upstream commit"
"code/locked_upstream/run_pretrain.sh","locked_upstream","553","fd4fc716249c6cb1d02c00b877de1e00a4584c4c573f2928e7efc4fc668673d8","Clean file from pinned upstream commit"
"code/scripts/acquire_stmem_fold10_metadata.py","code","3239","22def2017939822e2333be0eb13b131824aead409b1746b69dfd8162d9de7dda","Execution script, configuration, or environment specification"
"code/scripts/acquire_stmem_mapping_evidence.py","code","8056","3ec50075762faaeebaebe63bf78c5b7b04497d0e3d35bf2b7a086a9b72d710fb","Execution script, configuration, or environment specification"
"code/scripts/audit_ptbxl_all_modes_command_matrix_remote.py","code","3467","cb029937222937dd45bd967eeae7df9fd7e1cbd080216c539def81129b47274e","Execution script, configuration, or environment specification"
"code/scripts/build_emergency_worker_matrices.py","code","1839","af119f0030cc5d0ee912170c1c0d732f05ad9b1651a62dca7835684864ea7675","Execution script, configuration, or environment specification"
"code/scripts/build_ptbxl_sub_super_all_modes_matrices.py","code","10911","84cd4a16b39a0804fd5e77534fdfd0736a248760b4b82d667d1af82c2bf15209","Execution script, configuration, or environment specification"
"code/scripts/close_run015_retry_strict_mapping.py","code","7543","70fbefb3bba7f06b0dfe5f922387baf0a7ce7349731ede77f10ca81f28eb47f4","Execution script, configuration, or environment specification"
"code/scripts/cpu_bootstrap_55.py","code","11147","a6919fd3ce65e9f6974be22ea2b6fb9d3d92fdbcdcaeb81b80f5781380629236","Execution script, configuration, or environment specification"
"code/scripts/download_ranged_file_remote.sh","code","1092","c0a33b705f873466bf331e7d6912ccd6a8f865904afdca59a0c198f9053186e3","Execution script, configuration, or environment specification"
"code/scripts/emergency_static_transfer.sh","code","922","27c5acb0bfd45d65443731dcf2ebbfe24eda6109a5c02722cd48f9e935832336","Execution script, configuration, or environment specification"
"code/scripts/final_bootstrap_resume_77.py","code","5545","15a20388ce24afa674ea0e174e6d89b309e2671bfdb614db412c2edc1e9f331e","Execution script, configuration, or environment specification"
"code/scripts/final_closure_matrix.py","code","11156","5ce06327dedc75b87570a5a7a1f7c2170afb2bdf9828f24349afbc67bf5a03b0","Execution script, configuration, or environment specification"
"code/scripts/final_mapping_evidence_recovery.py","code","6989","2cb8b364020d892d417f55f3cf04699a235fcb4c93b6f19b6960610067f74143","Execution script, configuration, or environment specification"
"code/scripts/final_release_readiness_freeze.py","code","19461","a2200c65cd55c89a666c0299959921b4ef816a24f30e7ff50f13c4553e9cccd3","Execution script, configuration, or environment specification"
"code/scripts/mapping_evidence_acquisition_manifest.py","code","5557","c093c44765455945efb6fb60046d9fa2c5dca0278d9f027e875513dc5089fb4a","Execution script, configuration, or environment specification"
"code/scripts/merge_global_closure_and_common_sources.py","code","4923","916700edd28d6c61ef2661dc9632c46533e872adcad4dc4a0addacd520800596","Execution script, configuration, or environment specification"
"code/scripts/merge_parallel_451_residual.py","code","2624","1ffba3dac338a94f07904f3a86447c76d083de52275b68c8aaa7ce205387d720","Execution script, configuration, or environment specification"
"code/scripts/merge_worker_branch_final.py","code","4884","f37c9fa39b41e61abfaa2f9fd06e6ecd8d39a8e5bc35791c94af215831d920f8","Execution script, configuration, or environment specification"
"code/scripts/prepare_final_closure_tables.py","code","4447","61fb1ec4dc5fa5cabc8a16ae8be13ed2450390433125ce133c28fba52c735003","Execution script, configuration, or environment specification"
"code/scripts/ptbxl_052_special_continuous_controller.py","code","16440","2bf05e568f83d8c35e5e10715c914db263800d7beba455597a25a7f891743ce4","Execution script, configuration, or environment specification"
"code/scripts/ptbxl_all_modes_targeted_gate.py","code","13664","5f76048b33ddef90b97b5db00c13bc6cb462c7f0fe980ec2bf2aba8a8507ebdd","Execution script, configuration, or environment specification"
"code/scripts/ptbxl_all_modes_unattended_controller.py","code","3225","7634221a797bcb644c377f5f0ce72d35fbc6aa4b1b2a0810d36adb55fdd8db8e","Execution script, configuration, or environment specification"
"code/scripts/ptbxl_common_finetuning_controller.py","code","4698","f3f8a34e3f5f39fb95cfdcc869186c83349c1bd29db2cbe07d7fb84fea1cb3af","Execution script, configuration, or environment specification"
"code/scripts/ptbxl_emergency_worker_controller.py","code","8264","e4b4d0c0a4fa3f39cf840fa6adf22a72c4785e2ff1b21d9f9af49a49ebed52b5","Execution script, configuration, or environment specification"
"code/scripts/ptbxl_frozen_linear_bn_guard_runner.py","code","4298","d78e1b625b650d86ff7f895b66f91040c1fb188c91281a4aae0745cbed0991c2","Execution script, configuration, or environment specification"
"code/scripts/ptbxl_jepa_batch64_fp32_gate.py","code","5674","a359b8ef09c9aa4c084a967d940d5902dfc9dc68be4e5a51bf533f38712181ec","Execution script, configuration, or environment specification"
"code/scripts/ptbxl_wait_then_resume_worker.sh","code","416","8fdcfb829492c9765a5154a696daa870949eec3c2c4c480536f37c49da40f8f7","Execution script, configuration, or environment specification"
"code/scripts/record_052_451_clone_carrier_correction.py","code","3239","aa06dafb365d8152cd888e40d8c03a5de89197843bf9c586414b904c0c50f76f","Execution script, configuration, or environment specification"
"code/scripts/recover_point_metrics_34.py","code","4096","01baed6238684aa71d0d9d1f747a445c13ecdc9a694f17b308a1507f17a92ab2","Execution script, configuration, or environment specification"
"code/scripts/remaining_mapping_wave2_classify.py","code","4717","08936eab3daa7c12deed6945400c171eba53f6e19da64a62c294c4a718ea9b28","Execution script, configuration, or environment specification"
"code/scripts/remote_stmem_locate.sh","code","437","a5327d6d746b30b87c6394cbfb83a8be1b07028fa8c28e65981042674e01ed8a","Execution script, configuration, or environment specification"
"code/scripts/remote_stmem_read_only_inventory.sh","code","571","458826add1ea81f69c80eda8d20e0403b34d713fffbd85a99b4e4ee1a3a6ab19","Execution script, configuration, or environment specification"
"code/scripts/resolve_remaining_source_provenance.py","code","8573","c3c951fef4c194ce4c8227bb383519f4176963a43d538fa4ef5e24177cb75317","Execution script, configuration, or environment specification"
"code/scripts/run_ptbxl_all_modes_targeted_gate_suite.sh","code","2267","408fb57e793acff89027de02f274f7140c96befb386fb92cd937a7ec3aeadaf3","Execution script, configuration, or environment specification"
"code/scripts/setup_ptbxl_common_remote.sh","code","3541","718be293877e54e2670ede49566add761eb4ca5ac99542e99a8601336dfe56bf","Execution script, configuration, or environment specification"
"code/scripts/validate_ptbxl_sub_super_dataset.py","code","2157","f7422f45ab4d425f26e797af024453e180970047b4100b6095c75dbac9fd80a5","Execution script, configuration, or environment specification"
"code/scripts/verify_451_clone_strict_mapping.py","code","12186","0dfb5060969837fe2241bf4d5fa99ca37dfacc07672868e47c1abc6bd56f235b","Execution script, configuration, or environment specification"
"code/scripts/verify_common_780_775.py","code","3153","64255ab070623cb1bd6f91ff30c41b74a3aa52eb54ed6124a9eb2d2025ddcb65","Execution script, configuration, or environment specification"
"code/scripts/verify_stmem_sub_super_strict_mapping.py","code","9295","3c0a941dcd5673a3c0702a2e27d586092ee213d03d80e598eb9ce712b5fcd027","Execution script, configuration, or environment specification"
"docs/assets/diagrams/evidence-chain.svg","presentation_asset","2484","d2351d0739ce4b23ed59f823f7a337643b6ae676546217c3cbff202b32e36828","Local repository presentation asset"
"docs/assets/diagrams/experiment-matrix.svg","presentation_asset","3333","582816c72c101ffc0abd67b679836079a8cf484557083c6ee27c54bb9bc977d1","Local repository presentation asset"
"docs/assets/repository-banner.svg","presentation_asset","2261","03da3ef6ba82677f920be418c63eb5e215385ded11b06c941fed2d53fbd2f2f5","Local repository presentation asset"
"docs/assets/reviewer-preview.png","presentation_asset","143342","12515f6ddabbddb9ccf13806acd41f62049d83b1b97b9e3b7ce5379b67e47159","Local repository presentation asset"
"docs/assets/status/bootstrap.svg","presentation_asset","560","6bab137024e0047bcede82d7990f7d2687fe0cc68dd1319b12aedda80b679ce5","Local repository presentation asset"
"docs/assets/status/formal-runs.svg","presentation_asset","507","7c9e6cb41389b51c4b64c2b0e3311f5abd5034963679b2c29716b6c08b79c5f8","Local repository presentation asset"
"docs/assets/status/locked-commit.svg","presentation_asset","517","9aef9f7bae255b0b16761b5527c6f2555445260a92979159f012968e85dc0744","Local repository presentation asset"
"docs/assets/status/mapping.svg","presentation_asset","547","54ead3c197935ac9c680cd4b93930443f7aaee04d2c10e60996aed6e80cc0a81","Local repository presentation asset"
"docs/assets/status/record-samples.svg","presentation_asset","532","e00f511b42711b4379191fb1e83ab9d1a20dbba7351a75fc2c918007e328dcb3","Local repository presentation asset"
"docs/assets/status/repository-scope.svg","presentation_asset","508","54cedc8a11102289631d22498fffae7ae74905acf3371fe39c265a06d148b943","Local repository presentation asset"
"docs/CITATION.md","documentation","931","c3334fe6e781c6d3d4847c02d7f31cb70da959e8141048fadb9ff889bfdf5ec6","Project documentation"
"docs/EXECUTION_NOTES.md","documentation","1725","07ae840a6528b91fd7f48980b14acb87b6b330c73a38746b38a029de8d681cdd","Project documentation"
"docs/KNOWN_LIMITATIONS.md","documentation","1136","3aeb17688df21146a850651357490d4db133d1f25297678fde0dc8502edcbc67","Project documentation"
"Final_Report.pdf","final_report","225827","0f0f00af897b6255e66b954facc9905c5b6615af2dc0b19adbf4e4f2be03d626","User-selected final project report"
"logs/formal/execution_control/PTBXL_FINAL_CLOSURE/mapping_evidence/instance_451/PTBXL_ALL_ECG_CPC_FROZEN_FORMAL_RUN_013/formal_training.log","formal_log","62252","30c31227811d6905af490788b8ee88c5b26e67574202ce8a85a14773cdfbe31d","Formal execution log"
"logs/formal/execution_control/PTBXL_FINAL_CLOSURE/mapping_evidence/instance_451/PTBXL_ALL_ECG_CPC_LINEAR_FORMAL_RUN_014/formal_training.log","formal_log","72304","a6bfb28351a30c6b72df8ab659f13bf00bdea42ecad6bc8b0a0232cbaa6734fd","Formal execution log"
"logs/formal/execution_control/PTBXL_FINAL_CLOSURE/mapping_evidence/instance_451/PTBXL_ALL_ECG_FM_FROZEN_FORMAL_RUN_015/formal_training.log","formal_log","2704","686c12cb9178e72f2de53e89e1e1a33f3ca18a40b817478d1ab1c83b16474b58","Formal execution log"
"logs/formal/execution_control/PTBXL_FINAL_CLOSURE/mapping_evidence/instance_451/PTBXL_ALL_ECG_FM_FROZEN_FORMAL_RUN_015_RETRY_01/formal_training.log","formal_log","48090","40072020dcf773e4eb18814976eeb71b8be2860fcd66ae2a998a660c74a13ab1","Formal execution log"
"logs/formal/execution_control/PTBXL_FINAL_CLOSURE/mapping_evidence/instance_451/PTBXL_ALL_ECG_FM_LINEAR_FORMAL_RUN_016/formal_training.log","formal_log","46537","ae5d8fc9fcfba52794a9409f2b0898c63115bed1ee6c54968beb9fff019b956e","Formal execution log"
"logs/formal/execution_control/PTBXL_FINAL_CLOSURE/mapping_evidence/instance_451/PTBXL_ALL_ECG_JEPA_FROZEN_FORMAL_RUN_003/formal_training.log","formal_log","52203","833e4d028b7110766c8cde6d57a96d4301176154564420df352405f9b143d8ad","Formal execution log"
"logs/formal/execution_control/PTBXL_FINAL_CLOSURE/mapping_evidence/instance_451/PTBXL_ALL_ECG_JEPA_LINEAR_FORMAL_RUN_004/formal_training.log","formal_log","56971","860c54f9584333375f7a0fdd5544e35347d02e42245e5e57a3869e95d83e6d91","Formal execution log"
"logs/formal/execution_control/PTBXL_FINAL_CLOSURE/mapping_evidence/instance_451/PTBXL_ALL_ECGFM_KED_FROZEN_FORMAL_RUN_009/formal_training.log","formal_log","54983","43d92786f7961150f66520555b06b2a2d4c3b17d8f9f6058fd50c156932c30bd","Formal execution log"
"logs/formal/execution_control/PTBXL_FINAL_CLOSURE/mapping_evidence/instance_451/PTBXL_ALL_ECGFM_KED_LINEAR_FORMAL_RUN_010/formal_training.log","formal_log","64593","5a07d7b534bf1fe545c7b058fdf6998127d49232d786e7f6a9beef62caef53a6","Formal execution log"
"logs/formal/execution_control/PTBXL_FINAL_CLOSURE/mapping_evidence/instance_451/PTBXL_ALL_HUBERT_ECG_FROZEN_FORMAL_RUN_011/formal_training.log","formal_log","53342","5afa1b47ae4a959ab8d9ba159c9d573a751372bbebca32c40e7da1d0e1c7966b","Formal execution log"
"logs/formal/execution_control/PTBXL_FINAL_CLOSURE/mapping_evidence/instance_451/PTBXL_ALL_HUBERT_ECG_LINEAR_FORMAL_RUN_012/formal_training.log","formal_log","58626","bba123632611c306381354f071b9ec38f5ecc7107ea75068ea4d256a5f50e762","Formal execution log"
"logs/formal/execution_control/PTBXL_FINAL_CLOSURE/mapping_evidence/instance_451/PTBXL_ALL_MERL_FROZEN_FORMAL_RUN_007/formal_training.log","formal_log","53312","e5ea8e505def4549460f4dd4e7e307f5c88302718c3deb8e81caeee7c9dd4f8c","Formal execution log"
"logs/formal/execution_control/PTBXL_FINAL_CLOSURE/mapping_evidence/instance_451/PTBXL_ALL_MERL_LINEAR_FORMAL_RUN_008/formal_training.log","formal_log","57511","768a06d5a26693ac34fddc85b2b06e5c41b2797203222def17fe47926a9a3a93","Formal execution log"
"logs/formal/execution_control/PTBXL_FINAL_CLOSURE/mapping_evidence/instance_451/PTBXL_ALL_ST_MEM_FROZEN_FORMAL_RUN_005/formal_training.log","formal_log","53630","8f69469828842885205be511fe0a2bbd3d9f8b9ac0aaf226e76258062ff9f623","Formal execution log"
"logs/formal/execution_control/PTBXL_FINAL_CLOSURE/mapping_evidence/instance_451/PTBXL_ALL_ST_MEM_LINEAR_FORMAL_RUN_006/formal_training.log","formal_log","57662","3eb5d46e461257387422e4450609e185fcc1c09ee7329c15a9e92be8db9a9fe7","Formal execution log"
"logs/formal/execution_control/PTBXL_FINAL_CLOSURE/mapping_evidence/instance_451/PTBXL_SUPER_ECG_FM_FINETUNING_FORMAL_052_10/formal_training.log","formal_log","25242","8e9214398cfed30565701bf4f5fca80fc3faca73c00c5471a619948af3db28e8","Formal execution log"
"logs/formal/execution_control/PTBXL_FINAL_CLOSURE/mapping_evidence/instance_451/PTBXL_SUPER_ECG_FM_FROZEN_FORMAL_052_11/formal_training.log","formal_log","27861","4c2777f112c0cf296b7fed136bf5ee9dff43225ad6627cef7240f7d60b3d9a3d","Formal execution log"
"logs/formal/execution_control/PTBXL_FINAL_CLOSURE/mapping_evidence/instance_451/PTBXL_SUPER_ECG_FM_LINEAR_FORMAL_052_12/formal_training.log","formal_log","27638","bc1954fc332ed4a1f979257f50e1b985f61d8f012fa69c5b0a0def244781650b","Formal execution log"
"logs/formal/execution_control/PTBXL_FINAL_CLOSURE/mapping_evidence/instance_775/PTBXL_SUPER_01_ECGFOUNDER_FINETUNING_FORMAL/formal_training.log","formal_log","24886","796f7f64b41465f55122842d32c2e28952b84a2c9ec65e93f50771567cf04258","Formal execution log"
"logs/formal/execution_control/PTBXL_FINAL_CLOSURE/mapping_evidence/instance_775/PTBXL_SUPER_02_ECGFOUNDER_FROZEN_FORMAL/formal_training.log","formal_log","25780","fe72c00f5b975c1090ce833fa560b839397f5135f16ccb73d7b317b9742c3e90","Formal execution log"
"logs/formal/execution_control/PTBXL_FINAL_CLOSURE/mapping_evidence/instance_775/PTBXL_SUPER_03_ECGFOUNDER_LINEAR_FORMAL/formal_training.log","formal_log","26580","5f8f37cafc23b590985999f76ebbd85c767def11ce555bd5937304471faf357b","Formal execution log"
"logs/formal/execution_control/PTBXL_FINAL_CLOSURE/mapping_evidence/instance_775/PTBXL_SUPER_04_ECG_JEPA_FINETUNING_FORMAL/formal_training.log","formal_log","24764","9eade2fd5224d7ca7d9d327039300b39c4f7ab06bf59632bd943b0db179d709a","Formal execution log"
"logs/formal/execution_control/PTBXL_FINAL_CLOSURE/mapping_evidence/instance_775/PTBXL_SUPER_05_ECG_JEPA_FROZEN_FORMAL/formal_training.log","formal_log","24472","b5ab5c54240b2646e1e7c88fd93e20d7f052d36499d401a1c00b0d623c52c197","Formal execution log"
"logs/formal/execution_control/PTBXL_FINAL_CLOSURE/mapping_evidence/instance_775/PTBXL_SUPER_06_ECG_JEPA_LINEAR_FORMAL/formal_training.log","formal_log","30312","5a3dcd7cc8a6f7711e9333840d968b0fbae0eab5c6f37cd3c218b5d12cf69d0b","Formal execution log"
"logs/formal/execution_control/PTBXL_FINAL_CLOSURE/mapping_evidence/instance_775/PTBXL_SUPER_07_ST_MEM_FINETUNING_FORMAL_RETRY_03/formal_test.log","formal_log","10345","ee8b4306d9b72524abf60d83f69bfda3ccf1c6c469c40b74d02bd9c213ce40cc","Formal execution log"
"logs/formal/execution_control/PTBXL_FINAL_CLOSURE/mapping_evidence/instance_780/PTBXL_SUB_01_ECGFOUNDER_FINETUNING_FORMAL/formal_training.log","formal_log","33092","44813114755fd64507ec065854d19eb9f8a0f758e382011b04e7e7f150da082d","Formal execution log"
"logs/formal/execution_control/PTBXL_FINAL_CLOSURE/mapping_evidence/instance_780/PTBXL_SUB_02_ECGFOUNDER_FROZEN_FORMAL/formal_training.log","formal_log","32704","defae1cd5d4474d40a3f32468f4265012ccd5365fccbf912f55b66b0f93e0b1e","Formal execution log"
"logs/formal/execution_control/PTBXL_FINAL_CLOSURE/mapping_evidence/instance_780/PTBXL_SUB_03_ECGFOUNDER_LINEAR_FORMAL/formal_training.log","formal_log","33485","ba5825e3194d5bcb592c8762afb9ce4c668bf6030ce9369821448c5652743117","Formal execution log"
"logs/formal/execution_control/PTBXL_FINAL_CLOSURE/mapping_evidence/instance_780/PTBXL_SUB_04_ECG_JEPA_FINETUNING_FORMAL/formal_training.log","formal_log","33123","05770cf233477ef18d3b4a6a0c918217c1c3896365e4d89fd41523e02721fa5b","Formal execution log"
"logs/formal/execution_control/PTBXL_FINAL_CLOSURE/mapping_evidence/instance_780/PTBXL_SUB_05_ECG_JEPA_FROZEN_FORMAL/formal_training.log","formal_log","32839","e8efafc5501b28cf25432bb3b3597130888812a95cc5c9b10e45898939fb51cd","Formal execution log"
"logs/formal/execution_control/PTBXL_FINAL_CLOSURE/mapping_evidence/instance_780/PTBXL_SUB_06_ECG_JEPA_LINEAR_FORMAL/formal_training.log","formal_log","35617","6f10df2a9578e0348b460d8cbaff0580e052049b10267ae878a9446a4f6f9434","Formal execution log"
"logs/formal/execution_control/PTBXL_FINAL_CLOSURE/mapping_evidence/instance_780/PTBXL_SUB_07_ST_MEM_FINETUNING_FORMAL_RETRY_03/formal_test.log","formal_log","18706","b63a795dee2c7526b72c841afb4956d56e4c938733711e41c7dda2a0dd46d490","Formal execution log"
"logs/formal/execution_control/PTBXL_FINAL_CLOSURE/PARALLEL_451_RESIDUAL_SPECIAL_BUNDLE/PTBXL_SUB_ECG_CPC_FINETUNING_FORMAL_052_01/formal_training.log","formal_log","45311","6c5f10c3d480371cd060b5e68600ad227e4c67f2f4e2300c185ed775e39e4307","Formal execution log"
"logs/formal/execution_control/PTBXL_FINAL_CLOSURE/PARALLEL_451_RESIDUAL_SPECIAL_BUNDLE/PTBXL_SUB_ECG_CPC_FROZEN_FORMAL_052_02/formal_training.log","formal_log","40646","aadb2aacef3185952faf5e0a66534973250c49720d1f5a6850b300dc675f403b","Formal execution log"
"logs/formal/execution_control/PTBXL_FINAL_CLOSURE/PARALLEL_451_RESIDUAL_SPECIAL_BUNDLE/PTBXL_SUB_ECG_CPC_LINEAR_FORMAL_052_03/formal_training.log","formal_log","52250","debbb9ec26bdc5d76ce88a1e0a07bba7832d1cb2013e579ad410cd8cd78c994d","Formal execution log"
"logs/formal/execution_control/PTBXL_FINAL_CLOSURE/PARALLEL_451_RESIDUAL_SPECIAL_BUNDLE/PTBXL_SUB_ECG_FM_FINETUNING_FORMAL_052_07/formal_training.log","formal_log","31610","a006e571ab7080446d6535f864bb2a3864e1caee0a91799bd43ba557d5dea730","Formal execution log"
"logs/formal/execution_control/PTBXL_FINAL_CLOSURE/PARALLEL_451_RESIDUAL_SPECIAL_BUNDLE/PTBXL_SUB_ECG_FM_FROZEN_FORMAL_052_08/formal_training.log","formal_log","32598","b147fdc64fe8b990b358336e5f316091963618f1601d5e80a4dab644c445d0bb","Formal execution log"
"logs/formal/execution_control/PTBXL_FINAL_CLOSURE/PARALLEL_451_RESIDUAL_SPECIAL_BUNDLE/PTBXL_SUB_ECG_FM_LINEAR_FORMAL_052_09/formal_training.log","formal_log","32074","bc3b1f619324d84657bef2d1036a5b4669ec3beff4f14a6f58270791b9d07032","Formal execution log"
"logs/formal/execution_control/PTBXL_FINAL_CLOSURE/PARALLEL_451_RESIDUAL_SPECIAL_BUNDLE/PTBXL_SUPER_ECG_CPC_FINETUNING_FORMAL_052_04/formal_training.log","formal_log","32722","b27f0823cd06544b2ca28a0a60ec094ce6fcc7d80653272898fc66fc1dca07a2","Formal execution log"
"logs/formal/execution_control/PTBXL_FINAL_CLOSURE/PARALLEL_451_RESIDUAL_SPECIAL_BUNDLE/PTBXL_SUPER_ECG_CPC_FROZEN_FORMAL_052_05/formal_training.log","formal_log","32143","ef2a7b948664e3b7339dd131febba399b17e7dfaf471e9c39de297b7d914a066","Formal execution log"
"logs/formal/execution_control/PTBXL_FINAL_CLOSURE/PARALLEL_451_RESIDUAL_SPECIAL_BUNDLE/PTBXL_SUPER_ECG_CPC_LINEAR_FORMAL_052_06/formal_training.log","formal_log","44057","8e4e81149781e44165a9372edfc7cdac55fe671acd9b1315a1c37f6ecd08e2fb","Formal execution log"
"logs/formal/experiments/ptbxl_all/ecg_cpc/formal_ecg_cpc_ptbxl_all.log","formal_log","65990","04ee2e981c50ed7e6d11f0c2bef63522408eb7364003c352dc3401ea12d94d26","Formal execution log"
"logs/formal/experiments/ptbxl_all/ecg_fm/remote_artifacts/ecg_fm_ptbxl_all_formal_20260817T104823Z/formal_training.stdout_stderr.log","formal_log","18320","ec1ff0233bff4f28a18bcd06860e32f287edbf288905b665ea1208393fd5e567","Formal execution log"
"logs/formal/experiments/ptbxl_all/ecg_fm/remote_artifacts/ecg_fm_ptbxl_all_formal_20260817T104823Z/test_stage_20260817T160821Z/formal_test.stdout_stderr.log","formal_log","380089","38c916a767a2f34377e3a08336e819f0fc8131bad83a0e8d03eb5929fea3daa6","Formal execution log"
"logs/formal/experiments/ptbxl_all/ecg_fm/remote_artifacts/ecg_fm_ptbxl_all_formal_20260817T104823Z/test_stage_no_bootstrap_20260817T163225Z/formal_test.stdout_stderr.log","formal_log","11477","a79c4acf5b0fea2bc0de0fb6842c475d5b3072807d22830945a3240d8c06ba5c","Formal execution log"
"logs/formal/experiments/ptbxl_all/ecg_founder/ptbxl_all_formal.log","formal_log","54637","893d7095b814fea679c9c89ead65c2a383c9e916a7c35e3e89268bb6bed4b072","Formal execution log"
"logs/formal/experiments/ptbxl_all/ecg_jepa/formal_ecg_jepa_ptbxl_all_32gb.log","formal_log","54010","3620b5c2b6ce23d0f3b0281eb89534027f6ff071cf941fc797c291658cf7fbba","Formal execution log"
"logs/formal/experiments/ptbxl_all/ecgfm_ked/formal_archive_195/formal_runs/ecgfm_ked_ptbxl_all_100e_195/formal_training.log","formal_log","19525","a5ee00abd6e4c6a0b3f239b3a4d2595004222a4ff049a5df7a196e862794c722","Formal execution log"
"logs/formal/experiments/ptbxl_all/ecgfm_ked/formal_archive_195/formal_tests/ecgfm_ked_ptbxl_all_best_no_bootstrap_195/formal_test.log","formal_log","13941","dad17045710b5b4980796ad07f4a9761b6abcfe82469059603a94bca2ea0d3bb","Formal execution log"
"logs/formal/experiments/ptbxl_all/hubert_ecg/remote_snapshot/formal_runs/hubert_ecg_ptbxl_all_table3_finetuning_linear_restart_epoch0_20260818T102216+0800/formal_training.stdout_stderr.log","formal_log","19696","46768ef8c2fdfe1a3ea7d4d6c43eba4312487b8c926fafe8a4752fb6e7dfab1a","Formal execution log"
"logs/formal/experiments/ptbxl_all/hubert_ecg/remote_snapshot/formal_tests/hubert_ecg_ptbxl_all_best_epoch8_no_bootstrap_20260818T133913+0800/formal_test.stdout_stderr.log","formal_log","14242","9105364a5a5494f457fba7e34df81be3fe4e4d57930275d783241799680731d0","Formal execution log"
"logs/formal/experiments/ptbxl_all/merl/formal_merl_ptbxl_all.log","formal_log","56749","babdf90f1d4fb0f5afb0a5d7617e549f3e6cc3f08e6032461ab76eb7d35a32c8","Formal execution log"
"logs/formal/experiments/ptbxl_net1d_formal/formal_net1d_ptbxl_all.log","formal_log","53833","49580ffa28291ab3279df2ed75e70b29d12452b7f58999fb00090fde86391308","Formal execution log"
"logs/formal/experiments/ptbxl_s4_formal/formal_s4_ptbxl_all.log","formal_log","108695","aaa223d82bf617ae3ab2e2e2de9f6fcfab3ee4eaff45911794e2037943fed7e4","Formal execution log"
"provenance/bootstrap/BOOTSTRAP_BLOCKERS.csv","bootstrap_provenance","1749","3ce1ee07e973c482e0f83efccfb052a1166f15eec308b0d32cf3ddba7ab76170","Bootstrap status and provenance"
"provenance/bootstrap/CPU_BOOTSTRAP_77_RUNS.csv","bootstrap_provenance","45867","84d000563a0ccf023a9446b1d8976166f3a58e0746500f08a5851dc8c301716a","Bootstrap status and provenance"
"provenance/bootstrap/CPU_BOOTSTRAP_MANIFEST.json","bootstrap_provenance","564","d4048c5f6aa8801a2b3efb5903273772dad6f42ec84e1abb8a621c9b8a3cea90","Bootstrap status and provenance"
"provenance/hashes/experiments/ptbxl_all/ecg_cpc/SHA256SUMS.txt","hash_provenance","130596","47cdbdb8f704d56611f7320b08e78b79422029457e512ef269a6f75ed56d8a64","Artifact hash evidence"
"provenance/hashes/experiments/ptbxl_all/ecg_jepa/SHA256SUMS.txt","hash_provenance","1011","0d1be090ee140515e34c0093ba1d83f1a8c21359f024d76d8864b412935fea6e","Artifact hash evidence"
"provenance/hashes/experiments/ptbxl_all/merl/SHA256SUMS.txt","hash_provenance","827","0596c93e6774fd07dd1b79c3faf486f1c9116290ffdfeec5e043d894170582f9","Artifact hash evidence"
"provenance/mapping/ecg_cpc/actual_formal_command.txt","mapping_provenance","755","dfd90a18e7039e739378b3316cf9e786445baf9660842b9496db3ffd9b983de6","ECG identity and mapping evidence"
"provenance/mapping/ECG_JEPA_AGGREGATION_ADJUDICATION.json","mapping_provenance","5406","c3646cef1f9536e22706330f499a44c10d04805b57ee260fd204970659d9a75d","ECG identity and mapping evidence"
"provenance/mapping/execution_control/PTBXL_FINAL_CLOSURE/mapping_evidence/instance_451/PTBXL_ALL_ECG_CPC_FROZEN_FORMAL_RUN_013/exact_command.txt","mapping_provenance","2188","6a7ec9eb99c5d8b894560c6e43e489b04c72bc4894143013dc1fa7cfca706e4e","ECG identity and mapping evidence"
"provenance/mapping/execution_control/PTBXL_FINAL_CLOSURE/mapping_evidence/instance_451/PTBXL_ALL_ECG_CPC_FROZEN_FORMAL_RUN_013/formal_execution_metadata.json","mapping_provenance","5629","fb5e6a5b97c8ccd93746065e33b4cb9be223fc29f6a5c1a15e49f2068becd31f","ECG identity and mapping evidence"
"provenance/mapping/execution_control/PTBXL_FINAL_CLOSURE/mapping_evidence/instance_451/PTBXL_ALL_ECG_CPC_LINEAR_FORMAL_RUN_014/exact_command.txt","mapping_provenance","2188","55ff01709985203c1e23ca7a2b6a2427be8192e8285eb91a66df2c284a6628f8","ECG identity and mapping evidence"
"provenance/mapping/execution_control/PTBXL_FINAL_CLOSURE/mapping_evidence/instance_451/PTBXL_ALL_ECG_CPC_LINEAR_FORMAL_RUN_014/formal_execution_metadata.json","mapping_provenance","5629","3a3afaaf9cddd26404b5aee6c9b0071b55784c81e8fe1d27470233e07ffe2662","ECG identity and mapping evidence"
"provenance/mapping/execution_control/PTBXL_FINAL_CLOSURE/mapping_evidence/instance_451/PTBXL_ALL_ECG_FM_FROZEN_FORMAL_RUN_015/exact_command.txt","mapping_provenance","943","6e464d487b9ff2a080448c0de19d57184c7dcd2342eddc3fb9ec35de32eb5633","ECG identity and mapping evidence"
"provenance/mapping/execution_control/PTBXL_FINAL_CLOSURE/mapping_evidence/instance_451/PTBXL_ALL_ECG_FM_FROZEN_FORMAL_RUN_015/formal_execution_metadata.json","mapping_provenance","3132","268c65453155e40189aa4c65388d34dad8c9000d539a46a1896d154af65da2be","ECG identity and mapping evidence"
"provenance/mapping/execution_control/PTBXL_FINAL_CLOSURE/mapping_evidence/instance_451/PTBXL_ALL_ECG_FM_FROZEN_FORMAL_RUN_015_RETRY_01/completion_validation.json","mapping_provenance","555","b32b47912954fb4ee7560166043d79473594f530969730eb9f0c83f6c350420b","ECG identity and mapping evidence"
"provenance/mapping/execution_control/PTBXL_FINAL_CLOSURE/mapping_evidence/instance_451/PTBXL_ALL_ECG_FM_FROZEN_FORMAL_RUN_015_RETRY_01/exact_command.txt","mapping_provenance","1069","9e7c8592c55a469c1a6fd594177e7d4c66d5597ebc7f84991c77db3c0f3a52db","ECG identity and mapping evidence"
"provenance/mapping/execution_control/PTBXL_FINAL_CLOSURE/mapping_evidence/instance_451/PTBXL_ALL_ECG_FM_FROZEN_FORMAL_RUN_015_RETRY_01/formal_execution_metadata.json","mapping_provenance","1855","83786a614b98a3df6ca34b3cf089608932693a6a05aa617a9abe9b52e2005a6d","ECG identity and mapping evidence"
"provenance/mapping/execution_control/PTBXL_FINAL_CLOSURE/mapping_evidence/instance_451/PTBXL_ALL_ECG_FM_LINEAR_FORMAL_RUN_016/completion_validation.json","mapping_provenance","537","a396285518524c679acd97ac8dff66913f70d220d5e0de994ecf4dad4c48c858","ECG identity and mapping evidence"
"provenance/mapping/execution_control/PTBXL_FINAL_CLOSURE/mapping_evidence/instance_451/PTBXL_ALL_ECG_FM_LINEAR_FORMAL_RUN_016/exact_command.txt","mapping_provenance","1042","c4a1cccbae650e028970041781bed38c7285473cde0c0e4a614a0150709d81d3","ECG identity and mapping evidence"
"provenance/mapping/execution_control/PTBXL_FINAL_CLOSURE/mapping_evidence/instance_451/PTBXL_ALL_ECG_FM_LINEAR_FORMAL_RUN_016/formal_execution_metadata.json","mapping_provenance","1810","3ce1dae5e5b63f90992a0c82891f323de9d1e11eb4c78754b2db8a88d658870b","ECG identity and mapping evidence"
"provenance/mapping/execution_control/PTBXL_FINAL_CLOSURE/mapping_evidence/instance_451/PTBXL_ALL_ECG_JEPA_LINEAR_FORMAL_RUN_004/exact_command.txt","mapping_provenance","782","d89ef9363220a8b1ba6eb4b13ac2c98f7166408c5d4c5848986b74f44971c579","ECG identity and mapping evidence"
"provenance/mapping/execution_control/PTBXL_FINAL_CLOSURE/mapping_evidence/instance_451/PTBXL_ALL_ECG_JEPA_LINEAR_FORMAL_RUN_004/formal_execution_metadata.json","mapping_provenance","1931","49f03ff4a6198acb76a21c29f6e03d1de37e0e85a2fa31ec91a84cb29386bfed","ECG identity and mapping evidence"
"provenance/mapping/execution_control/PTBXL_FINAL_CLOSURE/mapping_evidence/instance_451/PTBXL_ALL_ECGFM_KED_FROZEN_FORMAL_RUN_009/exact_command.txt","mapping_provenance","817","5f33149ad2d0475e43ae44fd47eb3d7a3391d28802fb64d437e72f002c94f5de","ECG identity and mapping evidence"
"provenance/mapping/execution_control/PTBXL_FINAL_CLOSURE/mapping_evidence/instance_451/PTBXL_ALL_ECGFM_KED_FROZEN_FORMAL_RUN_009/formal_execution_metadata.json","mapping_provenance","1998","bb1ca4dc6c759af75dde6f260345c4e8b5ee4ae92fd29eda2bf960b9f9e86f6d","ECG identity and mapping evidence"
"provenance/mapping/execution_control/PTBXL_FINAL_CLOSURE/mapping_evidence/instance_451/PTBXL_ALL_ECGFM_KED_LINEAR_FORMAL_RUN_010/exact_command.txt","mapping_provenance","817","ac1388df26c2a7d2a2eee816a6bbd06ef012dc9efb43ba3122f7021868be3267","ECG identity and mapping evidence"
"provenance/mapping/execution_control/PTBXL_FINAL_CLOSURE/mapping_evidence/instance_451/PTBXL_ALL_ECGFM_KED_LINEAR_FORMAL_RUN_010/formal_execution_metadata.json","mapping_provenance","1998","a069605db97f0498abb316bd5d3a9119ee3a4bf0814a0e662812193f26a96ea4","ECG identity and mapping evidence"
"provenance/mapping/execution_control/PTBXL_FINAL_CLOSURE/mapping_evidence/instance_451/PTBXL_ALL_HUBERT_ECG_FROZEN_FORMAL_RUN_011/exact_command.txt","mapping_provenance","800","a0aab565194f4ecd9df26431c5a4b485ce44c2ff84c9a9dc3c01b22809376b71","ECG identity and mapping evidence"
"provenance/mapping/execution_control/PTBXL_FINAL_CLOSURE/mapping_evidence/instance_451/PTBXL_ALL_HUBERT_ECG_FROZEN_FORMAL_RUN_011/formal_execution_metadata.json","mapping_provenance","1968","0d58d784e5e5ac56d3cbaf6cb61df50e9679adbf20754d107e89e1a6ff60f254","ECG identity and mapping evidence"
"provenance/mapping/execution_control/PTBXL_FINAL_CLOSURE/mapping_evidence/instance_451/PTBXL_ALL_HUBERT_ECG_LINEAR_FORMAL_RUN_012/exact_command.txt","mapping_provenance","800","ad1e83b0ab7b707c60d5d907b07525130c36e970d81bc1e5c9ce40ab60e75f36","ECG identity and mapping evidence"
"provenance/mapping/execution_control/PTBXL_FINAL_CLOSURE/mapping_evidence/instance_451/PTBXL_ALL_HUBERT_ECG_LINEAR_FORMAL_RUN_012/formal_execution_metadata.json","mapping_provenance","1968","4e76af4051a0b217288a1260c8ca6a7ef85f79c5e39fcbeb9c25f2940a21ab51","ECG identity and mapping evidence"
"provenance/mapping/execution_control/PTBXL_FINAL_CLOSURE/mapping_evidence/instance_451/PTBXL_ALL_MERL_FROZEN_FORMAL_RUN_007/exact_command.txt","mapping_provenance","790","7fdc659dcb313029f54d6f392842150909f61e96bd4966bb778a62e192881c95","ECG identity and mapping evidence"
"provenance/mapping/execution_control/PTBXL_FINAL_CLOSURE/mapping_evidence/instance_451/PTBXL_ALL_MERL_FROZEN_FORMAL_RUN_007/formal_execution_metadata.json","mapping_provenance","1925","68b663f915ea0a996482da0db27d6badb4d700509dd9a35afd6b834469df3350","ECG identity and mapping evidence"
"provenance/mapping/execution_control/PTBXL_FINAL_CLOSURE/mapping_evidence/instance_451/PTBXL_ALL_MERL_LINEAR_FORMAL_RUN_008/exact_command.txt","mapping_provenance","790","3332ec67779be08727c38b9c6d2813e8840d65b05887fb17fbcbf3a964606ae7","ECG identity and mapping evidence"
"provenance/mapping/execution_control/PTBXL_FINAL_CLOSURE/mapping_evidence/instance_451/PTBXL_ALL_MERL_LINEAR_FORMAL_RUN_008/formal_execution_metadata.json","mapping_provenance","1925","5dc30957b78e9a73f579acabd4736055313ba644ed634c720d46b15387f2c490","ECG identity and mapping evidence"
"provenance/mapping/execution_control/PTBXL_FINAL_CLOSURE/mapping_evidence/instance_451/PTBXL_ALL_ST_MEM_FROZEN_FORMAL_RUN_005/exact_command.txt","mapping_provenance","783","97e83e070e10c8c5a9195e9dd636449b081424a9d3fab6666a989386ee050ca2","ECG identity and mapping evidence"
"provenance/mapping/execution_control/PTBXL_FINAL_CLOSURE/mapping_evidence/instance_451/PTBXL_ALL_ST_MEM_FROZEN_FORMAL_RUN_005/formal_execution_metadata.json","mapping_provenance","1919","3e1fc50520245c69e7b9b80352ecca32264b58824d1deee295746b88d82daee0","ECG identity and mapping evidence"
"provenance/mapping/execution_control/PTBXL_FINAL_CLOSURE/mapping_evidence/instance_451/PTBXL_ALL_ST_MEM_LINEAR_FORMAL_RUN_006/exact_command.txt","mapping_provenance","783","2a0a959018622d47fa638340e926333c7eeb03594c9b2d38a9077ad5ca31b38d","ECG identity and mapping evidence"
"provenance/mapping/execution_control/PTBXL_FINAL_CLOSURE/mapping_evidence/instance_451/PTBXL_ALL_ST_MEM_LINEAR_FORMAL_RUN_006/formal_execution_metadata.json","mapping_provenance","1919","857fd7bc1a7fcdf8cdfa26906e19dd902b51a59149b83bccc936f776187d9fe9","ECG identity and mapping evidence"
"provenance/mapping/execution_control/PTBXL_FINAL_CLOSURE/mapping_evidence/instance_451/PTBXL_SUPER_ECG_FM_FINETUNING_FORMAL_052_10/completion_validation.json","mapping_provenance","739","775aee10900448d21a0aa4eb72820f7d8971f8f20e45cfb7b21342af8514e10c","ECG identity and mapping evidence"
"provenance/mapping/execution_control/PTBXL_FINAL_CLOSURE/mapping_evidence/instance_451/PTBXL_SUPER_ECG_FM_FINETUNING_FORMAL_052_10/exact_command.txt","mapping_provenance","1070","5e19d3911ba18d323d61a97aea47d18ee2620922008e1be4268f2663a2ec5054","ECG identity and mapping evidence"
"provenance/mapping/execution_control/PTBXL_FINAL_CLOSURE/mapping_evidence/instance_451/PTBXL_SUPER_ECG_FM_FINETUNING_FORMAL_052_10/formal_execution_metadata.json","mapping_provenance","1836","e0bd7ba9f36021a04ecbb151b33e6af72e6df5638c3365820ce95c27c7ce6452","ECG identity and mapping evidence"
"provenance/mapping/execution_control/PTBXL_FINAL_CLOSURE/mapping_evidence/instance_451/PTBXL_SUPER_ECG_FM_FROZEN_FORMAL_052_11/completion_validation.json","mapping_provenance","731","1e6061ef3b04f8ac6d5fda7442648e17c514eb228257c887ef4425a7dd5cf3ef","ECG identity and mapping evidence"
"provenance/mapping/execution_control/PTBXL_FINAL_CLOSURE/mapping_evidence/instance_451/PTBXL_SUPER_ECG_FM_FROZEN_FORMAL_052_11/exact_command.txt","mapping_provenance","1047","e53770302668db185c0ee4cbd6ea29692022b91346e5bc438457ec7d278ffd4c","ECG identity and mapping evidence"
"provenance/mapping/execution_control/PTBXL_FINAL_CLOSURE/mapping_evidence/instance_451/PTBXL_SUPER_ECG_FM_FROZEN_FORMAL_052_11/formal_execution_metadata.json","mapping_provenance","1817","9ae8384b9e8243159a76b17e76a4819da0125c3f9e00dd6cca1f1e1edc8329bf","ECG identity and mapping evidence"
"provenance/mapping/execution_control/PTBXL_FINAL_CLOSURE/mapping_evidence/instance_451/PTBXL_SUPER_ECG_FM_LINEAR_FORMAL_052_12/completion_validation.json","mapping_provenance","731","c913a983519703e2f3e58d6d4418fbf0417853a55424ee7a571ab67736e3ee4f","ECG identity and mapping evidence"
"provenance/mapping/execution_control/PTBXL_FINAL_CLOSURE/mapping_evidence/instance_451/PTBXL_SUPER_ECG_FM_LINEAR_FORMAL_052_12/exact_command.txt","mapping_provenance","1047","37b0f70efdc5e823a5b6a6bde16df5f7981208fbab2706b588b939bc97ae1230","ECG identity and mapping evidence"
"provenance/mapping/execution_control/PTBXL_FINAL_CLOSURE/mapping_evidence/instance_451/PTBXL_SUPER_ECG_FM_LINEAR_FORMAL_052_12/formal_execution_metadata.json","mapping_provenance","1804","35b9b762b7c83a1bb1c725539d02b43351c0033cf75ad6b1e65318f4728624b0","ECG identity and mapping evidence"
"provenance/mapping/execution_control/PTBXL_FINAL_CLOSURE/mapping_evidence/instance_775/PTBXL_SUPER_01_ECGFOUNDER_FINETUNING_FORMAL/exact_formal_command.sh","mapping_provenance","984","f43179242cc16bb713d36fc10383c1649308e961bb35e246f3954c9febf8071a","ECG identity and mapping evidence"
"provenance/mapping/execution_control/PTBXL_FINAL_CLOSURE/mapping_evidence/instance_775/PTBXL_SUPER_02_ECGFOUNDER_FROZEN_FORMAL/exact_formal_command.sh","mapping_provenance","1040","3337f96d52fb3c284208afc2d9a28afb6ef6827b31ffbc6bd27ac845e3c46535","ECG identity and mapping evidence"
"provenance/mapping/execution_control/PTBXL_FINAL_CLOSURE/mapping_evidence/instance_775/PTBXL_SUPER_03_ECGFOUNDER_LINEAR_FORMAL/exact_formal_command.sh","mapping_provenance","1040","6a0d05846da898ba9af6f05b3a47759df174e260004daae6af602b7a404c59ed","ECG identity and mapping evidence"
"provenance/mapping/execution_control/PTBXL_FINAL_CLOSURE/mapping_evidence/instance_775/PTBXL_SUPER_04_ECG_JEPA_FINETUNING_FORMAL/exact_formal_command.sh","mapping_provenance","1025","510d913164a61833b768cd43d2ea01e69bb08dc1ff0c85543b5b25ba040dcde4","ECG identity and mapping evidence"
"provenance/mapping/execution_control/PTBXL_FINAL_CLOSURE/mapping_evidence/instance_775/PTBXL_SUPER_05_ECG_JEPA_FROZEN_FORMAL/exact_formal_command.sh","mapping_provenance","959","8174e9e9e65383dff9fca69bfa3cf9b2c3ff255248c8a5ac68950653d99755a2","ECG identity and mapping evidence"
"provenance/mapping/execution_control/PTBXL_FINAL_CLOSURE/mapping_evidence/instance_775/PTBXL_SUPER_06_ECG_JEPA_LINEAR_FORMAL/exact_formal_command.sh","mapping_provenance","959","e886133d3dc189c13fe64e4b0de75b5be8d94210c93f85e8753dc225086ba59b","ECG identity and mapping evidence"
"provenance/mapping/execution_control/PTBXL_FINAL_CLOSURE/mapping_evidence/instance_775/PTBXL_SUPER_07_ST_MEM_FINETUNING_FORMAL_RETRY_03/exact_formal_command.sh","mapping_provenance","981","30babac98f37459a701208f60418c70911e0e01f4d4ec0c3db817a4ba7d089fc","ECG identity and mapping evidence"
"provenance/mapping/execution_control/PTBXL_FINAL_CLOSURE/mapping_evidence/instance_775/PTBXL_SUPER_07_ST_MEM_FINETUNING_FORMAL_RETRY_03/post_run_validation.json","mapping_provenance","683","81ff03ba872b55ac88771e5d6eeb6a224b35999db7f370eea9fb8d2a7643af84","ECG identity and mapping evidence"
"provenance/mapping/execution_control/PTBXL_FINAL_CLOSURE/mapping_evidence/instance_775/PTBXL_SUPER_08_ST_MEM_FROZEN_FORMAL/exact_formal_command.sh","mapping_provenance","961","06137476599a909f0d6f2bd71fec46e362b525369c98acbdad8e5cddfee0f876","ECG identity and mapping evidence"
"provenance/mapping/execution_control/PTBXL_FINAL_CLOSURE/mapping_evidence/instance_775/PTBXL_SUPER_08_ST_MEM_FROZEN_FORMAL/post_run_validation.json","mapping_provenance","657","a117482c2e8358c5b444b33676861b37a96fc8c9ce5a2eea54b696ea454a0870","ECG identity and mapping evidence"
"provenance/mapping/execution_control/PTBXL_FINAL_CLOSURE/mapping_evidence/instance_775/PTBXL_SUPER_09_ST_MEM_LINEAR_FORMAL/exact_formal_command.sh","mapping_provenance","961","905d83affd3c42e8a757b84ad04d3757fc8c3299eaa366cca65cea27799cba96","ECG identity and mapping evidence"
"provenance/mapping/execution_control/PTBXL_FINAL_CLOSURE/mapping_evidence/instance_775/PTBXL_SUPER_09_ST_MEM_LINEAR_FORMAL/post_run_validation.json","mapping_provenance","655","4099a70e652ffefbb793d4c2bddf95bb5bcbd3bc8df6bae333ea273463d0740a","ECG identity and mapping evidence"
"provenance/mapping/execution_control/PTBXL_FINAL_CLOSURE/mapping_evidence/instance_780/PTBXL_SUB_01_ECGFOUNDER_FINETUNING_FORMAL/exact_formal_command.sh","mapping_provenance","968","558dc316d601593e48fbd687a72a760e95d660fd8504e50f622e68b76701c130","ECG identity and mapping evidence"
"provenance/mapping/execution_control/PTBXL_FINAL_CLOSURE/mapping_evidence/instance_780/PTBXL_SUB_02_ECGFOUNDER_FROZEN_FORMAL/exact_formal_command.sh","mapping_provenance","1024","0d301a66ad06deeff13a10d4151006d183c9febd73a33788b49816fcfed5d4c6","ECG identity and mapping evidence"
"provenance/mapping/execution_control/PTBXL_FINAL_CLOSURE/mapping_evidence/instance_780/PTBXL_SUB_03_ECGFOUNDER_LINEAR_FORMAL/exact_formal_command.sh","mapping_provenance","1024","31c3d36a8f75725fd0e8947f98abea565fceb72759c0fd715bba17974b95ee8c","ECG identity and mapping evidence"
"provenance/mapping/execution_control/PTBXL_FINAL_CLOSURE/mapping_evidence/instance_780/PTBXL_SUB_04_ECG_JEPA_FINETUNING_FORMAL/exact_formal_command.sh","mapping_provenance","1009","5a4398085e809b752d636fbdf8ba54b3bd074d5c6213bb3243a961cc238c80d6","ECG identity and mapping evidence"
"provenance/mapping/execution_control/PTBXL_FINAL_CLOSURE/mapping_evidence/instance_780/PTBXL_SUB_05_ECG_JEPA_FROZEN_FORMAL/exact_formal_command.sh","mapping_provenance","943","7849fc4b6291ee2d616f86b3baa43690bbcd5128be2b0bd6e1fcdc529e3b077a","ECG identity and mapping evidence"
"provenance/mapping/execution_control/PTBXL_FINAL_CLOSURE/mapping_evidence/instance_780/PTBXL_SUB_06_ECG_JEPA_LINEAR_FORMAL/exact_formal_command.sh","mapping_provenance","943","b2227344547c0dc43eb29a687083350e0a041418886b05f28c0ea1f1b379bd5c","ECG identity and mapping evidence"
"provenance/mapping/execution_control/PTBXL_FINAL_CLOSURE/mapping_evidence/instance_780/PTBXL_SUB_07_ST_MEM_FINETUNING_FORMAL_RETRY_03/exact_formal_command.sh","mapping_provenance","965","fe4447e5c54c70f9481db5b56e09693915e2f4893d2a989d9d63e30f6beef0da","ECG identity and mapping evidence"
"provenance/mapping/execution_control/PTBXL_FINAL_CLOSURE/mapping_evidence/instance_780/PTBXL_SUB_07_ST_MEM_FINETUNING_FORMAL_RETRY_03/post_run_validation.json","mapping_provenance","681","43aa57729afe7411c0b4aee568b3256fff1d798bd3d3aabb73cf8db1e378895a","ECG identity and mapping evidence"
"provenance/mapping/execution_control/PTBXL_FINAL_CLOSURE/mapping_evidence/instance_780/PTBXL_SUB_08_ST_MEM_FROZEN_FORMAL/exact_formal_command.sh","mapping_provenance","945","d0145983a4859c31437a783a1bba7b9d8391f1f69bc52ea14607911f4cb9e4a9","ECG identity and mapping evidence"
"provenance/mapping/execution_control/PTBXL_FINAL_CLOSURE/mapping_evidence/instance_780/PTBXL_SUB_08_ST_MEM_FROZEN_FORMAL/post_run_validation.json","mapping_provenance","655","9fcf82b8d98ba2edf248d184da20502bd5d6f0758369096bb911ec2510ce0f81","ECG identity and mapping evidence"
"provenance/mapping/execution_control/PTBXL_FINAL_CLOSURE/mapping_evidence/instance_780/PTBXL_SUB_09_ST_MEM_LINEAR_FORMAL/exact_formal_command.sh","mapping_provenance","945","e93d4184b55ded35e34e982e2278893e8b8d7922ce6c633361a818a3e8345561","ECG identity and mapping evidence"
"provenance/mapping/execution_control/PTBXL_FINAL_CLOSURE/mapping_evidence/instance_780/PTBXL_SUB_09_ST_MEM_LINEAR_FORMAL/post_run_validation.json","mapping_provenance","654","2c9bfb7385a76304eab54a19dd3b551d3aeb56f9ad8f56bf51e700d10648db9e","ECG identity and mapping evidence"
"provenance/mapping/experiments/ptbxl_all/ecg_cpc/test_prediction_index_mapping.csv","mapping_provenance","404599","ce85c8407a40ab4f29fda66c62272e21c5ae67bb6e62637d7a266deef91d2fd6","ECG identity and mapping evidence"
"provenance/mapping/experiments/ptbxl_all/ecg_founder/test_prediction_index_mapping.csv","mapping_provenance","183182","0dd3aa1a47590480cdc62e97dc4a9db2c3a92b66f675c66fdc3debfde995148e","ECG identity and mapping evidence"
"provenance/mapping/experiments/ptbxl_all/merl/test_prediction_index_mapping.csv","mapping_provenance","183168","31d06e9d9e72acf543544abd2f1cdfcd2299285bffc84f339ee3a153a44775b4","ECG identity and mapping evidence"
"provenance/mapping/experiments/ptbxl_net1d_formal/test_prediction_index_mapping.csv","mapping_provenance","165584","a714dc6985f1ee5e1440e489679e3b647e1a6c62c542b36ca31b779133185348","ECG identity and mapping evidence"
"provenance/mapping/MAPPING_CLOSURE_STATUS.csv","mapping_provenance","44929","dc4e2c333ff12722333951efea13481238b21b489009d33222db1d236544dc60","ECG identity and mapping evidence"
"provenance/mapping/STMEM_STRICT_MAPPING_VERIFICATION.json","mapping_provenance","9966","1c9eab3c91d1736f0b8951e1b9c6992db009ce934db537dc6aac6289d410b33e","ECG identity and mapping evidence"
"provenance/workers/execution_control/PTBXL_FINAL_CLOSURE/PARALLEL_WORKER_EVIDENCE_BUNDLE/PTBXL_SUB_10_MERL_FINETUNING_FORMAL_SUB1/exact_formal_command.sh","worker_provenance","1060","ffa41bc57139d82fb87b181aa5899e907cda65f2a6e50e56cd32dc229a588e10","Worker recovery and validation evidence"
"provenance/workers/execution_control/PTBXL_FINAL_CLOSURE/PARALLEL_WORKER_EVIDENCE_BUNDLE/PTBXL_SUB_10_MERL_FINETUNING_FORMAL_SUB1/post_run_validation.json","worker_provenance","669","6d6e1d0443cded8a536da6a3efb479ae1ee4fdcd4f1484cc1f05c518a390daba","Worker recovery and validation evidence"
"provenance/workers/execution_control/PTBXL_FINAL_CLOSURE/PARALLEL_WORKER_EVIDENCE_BUNDLE/PTBXL_SUB_11_MERL_FROZEN_FORMAL_SUB1/exact_formal_command.sh","worker_provenance","1065","25c32aaf6135f750406c11471d7b431226becd3f8306a7a72f23ff95ed018999","Worker recovery and validation evidence"
"provenance/workers/execution_control/PTBXL_FINAL_CLOSURE/PARALLEL_WORKER_EVIDENCE_BUNDLE/PTBXL_SUB_11_MERL_FROZEN_FORMAL_SUB1/post_run_validation.json","worker_provenance","660","3d64974c78955c720e438256e1def7f644d38402fbbcbe2368c8572f6ea123be","Worker recovery and validation evidence"
"provenance/workers/execution_control/PTBXL_FINAL_CLOSURE/PARALLEL_WORKER_EVIDENCE_BUNDLE/PTBXL_SUB_12_MERL_LINEAR_FORMAL_SUB1/exact_formal_command.sh","worker_provenance","1065","12a68e2e4a9c9430655fd7b655d394b44597bb5e53eff94a670b824747d19cf7","Worker recovery and validation evidence"
"provenance/workers/execution_control/PTBXL_FINAL_CLOSURE/PARALLEL_WORKER_EVIDENCE_BUNDLE/PTBXL_SUB_12_MERL_LINEAR_FORMAL_SUB1/post_run_validation.json","worker_provenance","661","e2ea8c679c4ed7936fc40eabf7af1dc308b12be0d9cb18fc26e54cdfe2ccf120","Worker recovery and validation evidence"
"provenance/workers/execution_control/PTBXL_FINAL_CLOSURE/PARALLEL_WORKER_EVIDENCE_BUNDLE/PTBXL_SUB_13_ECGFM_KED_FINETUNING_FORMAL_SUB2/exact_formal_command.sh","worker_provenance","877","3398880e1a7993ac53159cf7bef2f24d04fa59fffca33d2a96f5e57ca325aa12","Worker recovery and validation evidence"
"provenance/workers/execution_control/PTBXL_FINAL_CLOSURE/PARALLEL_WORKER_EVIDENCE_BUNDLE/PTBXL_SUB_13_ECGFM_KED_FINETUNING_FORMAL_SUB2/post_run_validation.json","worker_provenance","679","d3a0e1503c854af5087d8a68dfc1a825027dbf6fe02cb9a4d4316bef39e2ca16","Worker recovery and validation evidence"
"provenance/workers/execution_control/PTBXL_FINAL_CLOSURE/PARALLEL_WORKER_EVIDENCE_BUNDLE/PTBXL_SUB_14_ECGFM_KED_FROZEN_FORMAL_SUB2/exact_formal_command.sh","worker_provenance","922","deca79647b8cfe5cc4957467581ab65c9bbd1432e617ff4457b2fba40d2e7de0","Worker recovery and validation evidence"
"provenance/workers/execution_control/PTBXL_FINAL_CLOSURE/PARALLEL_WORKER_EVIDENCE_BUNDLE/PTBXL_SUB_14_ECGFM_KED_FROZEN_FORMAL_SUB2/post_run_validation.json","worker_provenance","671","7c4c5e75a2edcdd6fd7859f05ed4ca4993c73af41799a5e9cebd453586add43c","Worker recovery and validation evidence"
"provenance/workers/execution_control/PTBXL_FINAL_CLOSURE/PARALLEL_WORKER_EVIDENCE_BUNDLE/PTBXL_SUB_15_ECGFM_KED_LINEAR_FORMAL_SUB2/exact_formal_command.sh","worker_provenance","922","86f865625035750a6042cbd2e162016e7f6d2fdb7d75c378ebccae417ba416d1","Worker recovery and validation evidence"
"provenance/workers/execution_control/PTBXL_FINAL_CLOSURE/PARALLEL_WORKER_EVIDENCE_BUNDLE/PTBXL_SUB_15_ECGFM_KED_LINEAR_FORMAL_SUB2/post_run_validation.json","worker_provenance","671","4c52e8748ca445fd2e27ac75dfb5373ecb8b898bf7603f39a1ff8e9db1d537cd","Worker recovery and validation evidence"
"provenance/workers/execution_control/PTBXL_FINAL_CLOSURE/PARALLEL_WORKER_EVIDENCE_BUNDLE/PTBXL_SUB_16_HUBERT_ECG_FINETUNING_FORMAL_SUB3/exact_formal_command.sh","worker_provenance","932","90bc146242511d55c2197759024e4535d7fae863f064d2bdc1ca55f3a3fe71b5","Worker recovery and validation evidence"
"provenance/workers/execution_control/PTBXL_FINAL_CLOSURE/PARALLEL_WORKER_EVIDENCE_BUNDLE/PTBXL_SUB_16_HUBERT_ECG_FINETUNING_FORMAL_SUB3/post_run_validation.json","worker_provenance","680","d33e8f19329e21061dbad4f008b4453feeeeb8f32371f3228b6ea3c98c8dca0a","Worker recovery and validation evidence"
"provenance/workers/execution_control/PTBXL_FINAL_CLOSURE/PARALLEL_WORKER_EVIDENCE_BUNDLE/PTBXL_SUB_17_HUBERT_ECG_FROZEN_FORMAL_SUB3/exact_formal_command.sh","worker_provenance","909","dd07f8dfcac3513b74b7b12ff33b04c93e991f57043f6e8e8487f9c851a61fe1","Worker recovery and validation evidence"
"provenance/workers/execution_control/PTBXL_FINAL_CLOSURE/PARALLEL_WORKER_EVIDENCE_BUNDLE/PTBXL_SUB_17_HUBERT_ECG_FROZEN_FORMAL_SUB3/post_run_validation.json","worker_provenance","673","c099765db0ac34975b63dec9b63f5a0e07ed6c674965f57e87b0211c51557b29","Worker recovery and validation evidence"
"provenance/workers/execution_control/PTBXL_FINAL_CLOSURE/PARALLEL_WORKER_EVIDENCE_BUNDLE/PTBXL_SUB_18_HUBERT_ECG_LINEAR_FORMAL_SUB3/exact_formal_command.sh","worker_provenance","909","d8f9cc0fa5ee8fed74c3bfd35a48376f7513f1ce16072e3be388519641afcfa0","Worker recovery and validation evidence"
"provenance/workers/execution_control/PTBXL_FINAL_CLOSURE/PARALLEL_WORKER_EVIDENCE_BUNDLE/PTBXL_SUB_18_HUBERT_ECG_LINEAR_FORMAL_SUB3/post_run_validation.json","worker_provenance","673","e9b4c33ef59d42f09860a06a1cbf3931a783fb60bf14adfc8e2664f1385fd598","Worker recovery and validation evidence"
"provenance/workers/execution_control/PTBXL_FINAL_CLOSURE/PARALLEL_WORKER_EVIDENCE_BUNDLE/PTBXL_SUB_19_S4_FINETUNING_FORMAL_SUB4/exact_formal_command.sh","worker_provenance","1142","6f712afb1665bdb21b0ddfa471c83a4b5be0c9b650bc53029c0ee5fe4f54dc4b","Worker recovery and validation evidence"
"provenance/workers/execution_control/PTBXL_FINAL_CLOSURE/PARALLEL_WORKER_EVIDENCE_BUNDLE/PTBXL_SUB_19_S4_FINETUNING_FORMAL_SUB4/post_run_validation.json","worker_provenance","665","d952e0f6c87bd36feb7cc0d3074951b36bf2fb74697c6368e6769d8b8eb80e6a","Worker recovery and validation evidence"
"provenance/workers/execution_control/PTBXL_FINAL_CLOSURE/PARALLEL_WORKER_EVIDENCE_BUNDLE/PTBXL_SUB_20_NET1D_FINETUNING_FORMAL_SUB4/exact_formal_command.sh","worker_provenance","918","4d09614fe3f2f073f03fd2d6d3923ac2c25541d8df74bef47aee2d52ed07f222","Worker recovery and validation evidence"
"provenance/workers/execution_control/PTBXL_FINAL_CLOSURE/PARALLEL_WORKER_EVIDENCE_BUNDLE/PTBXL_SUB_20_NET1D_FINETUNING_FORMAL_SUB4/post_run_validation.json","worker_provenance","671","10a14dd94bb5b80bb98c9fbc1beef73f39f00b113a5ce1975939c8d203c0b2d9","Worker recovery and validation evidence"
"provenance/workers/execution_control/PTBXL_FINAL_CLOSURE/PARALLEL_WORKER_EVIDENCE_BUNDLE/PTBXL_SUPER_10_MERL_FINETUNING_FORMAL_SUPER1/exact_formal_command.sh","worker_provenance","1084","cf7fd895f759ae3df5d38ef80931b35878b29f1063f8a5e4d85e5c8227a5a1a7","Worker recovery and validation evidence"
"provenance/workers/execution_control/PTBXL_FINAL_CLOSURE/PARALLEL_WORKER_EVIDENCE_BUNDLE/PTBXL_SUPER_10_MERL_FINETUNING_FORMAL_SUPER1/post_run_validation.json","worker_provenance","675","03765d93c388b87a020400a10095a456476de702cd8fc220f4f42273a5c77446","Worker recovery and validation evidence"
"provenance/workers/execution_control/PTBXL_FINAL_CLOSURE/PARALLEL_WORKER_EVIDENCE_BUNDLE/PTBXL_SUPER_11_MERL_FROZEN_FORMAL_SUPER1/exact_formal_command.sh","worker_provenance","1089","68849c5f327069c2ca4838e24601a26533f6e55b43676d55a6e87bab37cc525f","Worker recovery and validation evidence"
"provenance/workers/execution_control/PTBXL_FINAL_CLOSURE/PARALLEL_WORKER_EVIDENCE_BUNDLE/PTBXL_SUPER_11_MERL_FROZEN_FORMAL_SUPER1/post_run_validation.json","worker_provenance","667","fbbd066665550c9a437766d45b6742a16ca965e1df7d862b7ddb84277d347893","Worker recovery and validation evidence"
"provenance/workers/execution_control/PTBXL_FINAL_CLOSURE/PARALLEL_WORKER_EVIDENCE_BUNDLE/PTBXL_SUPER_12_MERL_LINEAR_FORMAL_SUPER1/exact_formal_command.sh","worker_provenance","1089","0e1e7035fe5992d7b47c2a5061dc3bf55a00caf4ae414ec06708bfd72dc440e7","Worker recovery and validation evidence"
"provenance/workers/execution_control/PTBXL_FINAL_CLOSURE/PARALLEL_WORKER_EVIDENCE_BUNDLE/PTBXL_SUPER_12_MERL_LINEAR_FORMAL_SUPER1/post_run_validation.json","worker_provenance","667","7b1f06f681bc353d7a986ac63c963dc6ca9fa91173671edb4deb909c2c5cb4d3","Worker recovery and validation evidence"
"provenance/workers/execution_control/PTBXL_FINAL_CLOSURE/PARALLEL_WORKER_EVIDENCE_BUNDLE/PTBXL_SUPER_13_ECGFM_KED_FINETUNING_FORMAL_SUPER2/exact_formal_command.sh","worker_provenance","895","784fd9e9db5f6a1b51511601d716cc7068f0db6ec1966a70f6486c85648f2944","Worker recovery and validation evidence"
"provenance/workers/execution_control/PTBXL_FINAL_CLOSURE/PARALLEL_WORKER_EVIDENCE_BUNDLE/PTBXL_SUPER_13_ECGFM_KED_FINETUNING_FORMAL_SUPER2/post_run_validation.json","worker_provenance","685","6ad286389b677087ef2dc4a77f16284572d3b8972e151ce041f321a7ddaf12a9","Worker recovery and validation evidence"
"provenance/workers/execution_control/PTBXL_FINAL_CLOSURE/PARALLEL_WORKER_EVIDENCE_BUNDLE/PTBXL_SUPER_14_ECGFM_KED_FROZEN_FORMAL_SUPER2/exact_formal_command.sh","worker_provenance","940","57dc51cd81bb9c2679469b551fa44d408dbba3f2ea13ddce346a850562a97ab8","Worker recovery and validation evidence"
"provenance/workers/execution_control/PTBXL_FINAL_CLOSURE/PARALLEL_WORKER_EVIDENCE_BUNDLE/PTBXL_SUPER_14_ECGFM_KED_FROZEN_FORMAL_SUPER2/post_run_validation.json","worker_provenance","676","903ba5c0a12806bb8200d048152d27699fa71998f646168068d261edfec7d6f4","Worker recovery and validation evidence"
"provenance/workers/execution_control/PTBXL_FINAL_CLOSURE/PARALLEL_WORKER_EVIDENCE_BUNDLE/PTBXL_SUPER_15_ECGFM_KED_LINEAR_FORMAL_SUPER2/exact_formal_command.sh","worker_provenance","940","5b05d523f48141595953e5b6a645855aa96477edcb6691e4df1048e4b26a2a5d","Worker recovery and validation evidence"
"provenance/workers/execution_control/PTBXL_FINAL_CLOSURE/PARALLEL_WORKER_EVIDENCE_BUNDLE/PTBXL_SUPER_15_ECGFM_KED_LINEAR_FORMAL_SUPER2/post_run_validation.json","worker_provenance","677","385e91c26870402bb7dbc208a04e5a39febf06b26694b916a6e789c868c563d9","Worker recovery and validation evidence"
"provenance/workers/execution_control/PTBXL_FINAL_CLOSURE/PARALLEL_WORKER_EVIDENCE_BUNDLE/PTBXL_SUPER_16_HUBERT_ECG_FINETUNING_FORMAL_SUPER3/exact_formal_command.sh","worker_provenance","950","d2aaf385f65dc585763023a14a73c1f251d9e71aa3ca14895a85a17d5bc9e414","Worker recovery and validation evidence"
"provenance/workers/execution_control/PTBXL_FINAL_CLOSURE/PARALLEL_WORKER_EVIDENCE_BUNDLE/PTBXL_SUPER_16_HUBERT_ECG_FINETUNING_FORMAL_SUPER3/post_run_validation.json","worker_provenance","687","4011e1f4109307bb0bd05269f7f8ba028e7ec02c335c1e686ec4d568bc0cb9df","Worker recovery and validation evidence"
"provenance/workers/execution_control/PTBXL_FINAL_CLOSURE/PARALLEL_WORKER_EVIDENCE_BUNDLE/PTBXL_SUPER_17_HUBERT_ECG_FROZEN_FORMAL_SUPER3/exact_formal_command.sh","worker_provenance","927","f15081588ef84fa0bfcc3aa77badfae02cb545c29109db803c8ffcb46d4b44db","Worker recovery and validation evidence"
"provenance/workers/execution_control/PTBXL_FINAL_CLOSURE/PARALLEL_WORKER_EVIDENCE_BUNDLE/PTBXL_SUPER_17_HUBERT_ECG_FROZEN_FORMAL_SUPER3/post_run_validation.json","worker_provenance","679","01c1ad3ec081f29a9cdc25bec81761f99f624eb9a270c0e814cab078e71d51de","Worker recovery and validation evidence"
"provenance/workers/execution_control/PTBXL_FINAL_CLOSURE/PARALLEL_WORKER_EVIDENCE_BUNDLE/PTBXL_SUPER_18_HUBERT_ECG_LINEAR_FORMAL_SUPER3/exact_formal_command.sh","worker_provenance","927","1765185ab7e617a908b24fe19abec0d9a2771e967b07fddca8428ece81efda77","Worker recovery and validation evidence"
"provenance/workers/execution_control/PTBXL_FINAL_CLOSURE/PARALLEL_WORKER_EVIDENCE_BUNDLE/PTBXL_SUPER_18_HUBERT_ECG_LINEAR_FORMAL_SUPER3/post_run_validation.json","worker_provenance","679","ec207dfe14a41d328af15bb57cde6b97b3d5911f582729683eb10225428f705d","Worker recovery and validation evidence"
"provenance/workers/execution_control/PTBXL_FINAL_CLOSURE/PARALLEL_WORKER_EVIDENCE_BUNDLE/PTBXL_SUPER_19_S4_FINETUNING_FORMAL_SUPER4/exact_formal_command.sh","worker_provenance","1166","ba99e520fe85c93475ca16ab7e24ffd0a31bbcbd4dc62779e7760e2acacd23b5","Worker recovery and validation evidence"
"provenance/workers/execution_control/PTBXL_FINAL_CLOSURE/PARALLEL_WORKER_EVIDENCE_BUNDLE/PTBXL_SUPER_19_S4_FINETUNING_FORMAL_SUPER4/post_run_validation.json","worker_provenance","671","c5e06baa4542b91a797dfc77e7c2507659d6e269c367aa57953c4e32de11a5a1","Worker recovery and validation evidence"
"provenance/workers/execution_control/PTBXL_FINAL_CLOSURE/PARALLEL_WORKER_EVIDENCE_BUNDLE/PTBXL_SUPER_20_NET1D_FINETUNING_FORMAL_SUPER4/exact_formal_command.sh","worker_provenance","942","74480bab52b5993d4a8f045dec12b0b37cecff2e37df63cbcf23762cd38b017b","Worker recovery and validation evidence"
"provenance/workers/execution_control/PTBXL_FINAL_CLOSURE/PARALLEL_WORKER_EVIDENCE_BUNDLE/PTBXL_SUPER_20_NET1D_FINETUNING_FORMAL_SUPER4/post_run_validation.json","worker_provenance","677","04420b79aae363d99c801486b501f5b5cbbd8727f5c6d8a3ad9db4eb43219689","Worker recovery and validation evidence"
"provenance/workers/residual_special_bundle/PTBXL_SUB_ECG_CPC_FINETUNING_FORMAL_052_01/completion_validation.json","worker_provenance","545","d04d5218a25690bc31768f79b75d5f04544d46aa3b7e551849fd6fa377532a74","Worker recovery and validation evidence"
"provenance/workers/residual_special_bundle/PTBXL_SUB_ECG_CPC_FINETUNING_FORMAL_052_01/exact_command.txt","worker_provenance","2308","5b8b8bf0bae7c5416f7fd752812cdcfac7dd8c0e9d1231ee6644a25957c2d338","Worker recovery and validation evidence"
"provenance/workers/residual_special_bundle/PTBXL_SUB_ECG_CPC_FINETUNING_FORMAL_052_01/formal_execution_metadata.json","worker_provenance","3080","b020b9e764401cbf40400bab9d51aeaa69290272f6c5383dfd6865f6aa75f42a","Worker recovery and validation evidence"
"provenance/workers/residual_special_bundle/PTBXL_SUB_ECG_CPC_FROZEN_FORMAL_052_02/completion_validation.json","worker_provenance","537","10bda0c847eec368e31b15fce51f31a72f8c7683877451c225ac346471ce350f","Worker recovery and validation evidence"
"provenance/workers/residual_special_bundle/PTBXL_SUB_ECG_CPC_FROZEN_FORMAL_052_02/exact_command.txt","worker_provenance","2285","4d1e67691eadd99168bbd271af0256505a9940381e5c8b3e9600889552e0c8e2","Worker recovery and validation evidence"
"provenance/workers/residual_special_bundle/PTBXL_SUB_ECG_CPC_FROZEN_FORMAL_052_02/formal_execution_metadata.json","worker_provenance","3045","d70bb261448a4b5c4d72048dfb85ca3aa9b6dca2c4d481d7f7317e486f0087e3","Worker recovery and validation evidence"
"provenance/workers/residual_special_bundle/PTBXL_SUB_ECG_CPC_LINEAR_FORMAL_052_03/completion_validation.json","worker_provenance","537","665309b8523dce12dacbf77454c51e051dc5334e4056843a6de45086d62d19e1","Worker recovery and validation evidence"
"provenance/workers/residual_special_bundle/PTBXL_SUB_ECG_CPC_LINEAR_FORMAL_052_03/exact_command.txt","worker_provenance","2285","411555294d61750f1c7d38e0f45aadceed417215a62d66cef63391bf63d78f90","Worker recovery and validation evidence"
"provenance/workers/residual_special_bundle/PTBXL_SUB_ECG_CPC_LINEAR_FORMAL_052_03/formal_execution_metadata.json","worker_provenance","3045","da2bc77f967027e033a5b7560ae118aa0363abfddfedd16319a237ded0b414e9","Worker recovery and validation evidence"
"provenance/workers/residual_special_bundle/PTBXL_SUB_ECG_FM_FINETUNING_FORMAL_052_07/completion_validation.json","worker_provenance","543","a109336b32e7836023ea171aaa6b515c03d21bdcbb1079154ccb573684fabdd9","Worker recovery and validation evidence"
"provenance/workers/residual_special_bundle/PTBXL_SUB_ECG_FM_FINETUNING_FORMAL_052_07/exact_command.txt","worker_provenance","1062","c5cfa11e6a88a1520375aef8634c31fc809a48ecddcfcaf83d1e8390631e7d17","Worker recovery and validation evidence"
"provenance/workers/residual_special_bundle/PTBXL_SUB_ECG_FM_FINETUNING_FORMAL_052_07/formal_execution_metadata.json","worker_provenance","1840","7b698fb950b30f9e5c6c85506e7edf783577b24f2aa1c41a35e9d501d988a680","Worker recovery and validation evidence"
"provenance/workers/residual_special_bundle/PTBXL_SUB_ECG_FM_FROZEN_FORMAL_052_08/completion_validation.json","worker_provenance","535","d18d62ec0ebd338ff9c99a9328bbe0a27f37cc72c986b0303ad3a4ae9401225f","Worker recovery and validation evidence"
"provenance/workers/residual_special_bundle/PTBXL_SUB_ECG_FM_FROZEN_FORMAL_052_08/exact_command.txt","worker_provenance","1039","3479c4ed2e66fb4c91be52fd2931a07475207058f5160142bebf7205a3951467","Worker recovery and validation evidence"
"provenance/workers/residual_special_bundle/PTBXL_SUB_ECG_FM_FROZEN_FORMAL_052_08/formal_execution_metadata.json","worker_provenance","1806","4ece199c4d49e683a923bd43a0f0a1005990ab2159cdec3833243f0ac19048ee","Worker recovery and validation evidence"
"provenance/workers/residual_special_bundle/PTBXL_SUB_ECG_FM_LINEAR_FORMAL_052_09/completion_validation.json","worker_provenance","535","fec8f68861f225145b8d349d38951bc3eb57f52f31df20acd60d51899dd049e0","Worker recovery and validation evidence"
"provenance/workers/residual_special_bundle/PTBXL_SUB_ECG_FM_LINEAR_FORMAL_052_09/exact_command.txt","worker_provenance","1039","be141aec526b47e15f5ab172f88ae0724c25feffbc1ca87ba41b792b1b46c076","Worker recovery and validation evidence"
"provenance/workers/residual_special_bundle/PTBXL_SUB_ECG_FM_LINEAR_FORMAL_052_09/formal_execution_metadata.json","worker_provenance","1806","54bbae6d69705f85d3169d28da8f9fa1f04d10b8a0531db9f77b81563923c957","Worker recovery and validation evidence"
"provenance/workers/residual_special_bundle/PTBXL_SUPER_ECG_CPC_FINETUNING_FORMAL_052_04/completion_validation.json","worker_provenance","546","e1160326958fc5e198f5c875e5f3ea4a847667f4d64ecd635d0127a39d2e6b74","Worker recovery and validation evidence"
"provenance/workers/residual_special_bundle/PTBXL_SUPER_ECG_CPC_FINETUNING_FORMAL_052_04/exact_command.txt","worker_provenance","2316","c5ec949407ed536225a3b1c5d41491a4656348a302d543e16fcbf298474c26dd","Worker recovery and validation evidence"
"provenance/workers/residual_special_bundle/PTBXL_SUPER_ECG_CPC_FINETUNING_FORMAL_052_04/formal_execution_metadata.json","worker_provenance","3093","bc3f459196c3ce33a37e630a85b228cb8c2170ed1fa56b75fe49eaa52838baae","Worker recovery and validation evidence"
"provenance/workers/residual_special_bundle/PTBXL_SUPER_ECG_CPC_FROZEN_FORMAL_052_05/completion_validation.json","worker_provenance","537","30ec45de43a7846c242a1494ccaa1e8431533b3206136c01033d978358ebbd10","Worker recovery and validation evidence"
"provenance/workers/residual_special_bundle/PTBXL_SUPER_ECG_CPC_FROZEN_FORMAL_052_05/exact_command.txt","worker_provenance","2293","86befde5e30775e41e7c4894e58ef4255c0b7ea667051c157f33405c7953c3df","Worker recovery and validation evidence"
"provenance/workers/residual_special_bundle/PTBXL_SUPER_ECG_CPC_FROZEN_FORMAL_052_05/formal_execution_metadata.json","worker_provenance","3058","6de6eba81dc4ed26fd4f8e17b3d659600efbb6b2d2675b70ed4cb75e2a05ecf4","Worker recovery and validation evidence"
"provenance/workers/residual_special_bundle/PTBXL_SUPER_ECG_CPC_LINEAR_FORMAL_052_06/completion_validation.json","worker_provenance","538","ba4fa81794e765a9e1b2aeef2d5eaeede19a37e7b575b61a7490c7eab3882d66","Worker recovery and validation evidence"
"provenance/workers/residual_special_bundle/PTBXL_SUPER_ECG_CPC_LINEAR_FORMAL_052_06/exact_command.txt","worker_provenance","2293","e805836f844e7e0b9832dc030f379234f6005322332ad216d4613bbd681a7992","Worker recovery and validation evidence"
"provenance/workers/residual_special_bundle/PTBXL_SUPER_ECG_CPC_LINEAR_FORMAL_052_06/formal_execution_metadata.json","worker_provenance","3058","72a04237e0ebec06bfac2ca9849d04a29b136644b35e0f371e83f295ebafc6cc","Worker recovery and validation evidence"
"provenance/workers/RESIDUAL_SPECIAL_RECOVERY.csv","worker_provenance","3189","85a64be51f2501dc23e483bf94268cb5b01fcc27cda3f745d13515f6aab8b631","Worker recovery and validation evidence"
"provenance/workers/RESIDUAL_SPECIAL_RECOVERY.json","worker_provenance","2208","6e15c1e0294d3d0cdec644ec8489df1bce09a8d8d5b7514208c5a014e1f0449d","Worker recovery and validation evidence"
"provenance/workers/RESIDUAL_STRICT_MAPPING.csv","worker_provenance","1369","8752a97430a220c618efea4ff4a812e92d0b5c6137d275e840efacb7e491b000","Worker recovery and validation evidence"
"provenance/workers/WORKER_EVIDENCE_RECOVERY.csv","worker_provenance","22825","817e34c0e6f12e531d8e786953386cf3d85c84a041495e5186f1cb9767ccb890","Worker recovery and validation evidence"
"provenance/workers/WORKER_HASH_CLOSURE.csv","worker_provenance","42435","9295fb999bc892a2a584f17e5d733dec0c04e16d22c7130a50410ade75188cc3","Worker recovery and validation evidence"
"provenance/workers/WORKER_STRICT_MAPPING.csv","worker_provenance","1826","4bd217c5669561be8812e7bf751722b90dc9cb37e6cac145febf133d12d87f7f","Worker recovery and validation evidence"
"README.md","documentation","11574","ff20eb90c4f04089c78b9d6b7396e9054cfd74c82dac747d5a1b62c82412f56a","Project documentation"
"results/BOOTSTRAP_SUMMARY.csv","result_summary","33866","01128ecec456f7fd0231639b457b3e187de6a7091f329cfbdeab708f0292a8d6","Final structured benchmark summary"
"results/BOOTSTRAP_SUMMARY.json","result_summary","57327","02d5903b48828710ffc71daaaedfc9fa374c79604c3b488a5c12911c1c7710fc","Final structured benchmark summary"
"results/CANONICAL_RUN_ID_MAP.csv","result_summary","9439","caf8b746339c34270e944126bc8d9d7b4c493dbf2c9d475a2c0c698c37ef6198","Final structured benchmark summary"
"results/CANONICAL_RUN_ID_MAP.json","result_summary","15923","edc76933aea20dc69e56b1ecbbbafe10f514bfb5f9ba0c9ce879bd650d9abdf8","Final structured benchmark summary"
"results/FORMAL_RUN_COMPLETION_MATRIX.csv","result_summary","37789","d3225516cfa1d2386e45aa8c0fba3b9f1035f1a09d7a52aee825ff35ce465f5a","Final structured benchmark summary"
"results/FORMAL_RUN_COMPLETION_MATRIX.json","result_summary","85270","80485bb0aa107a2d4d2b9dfc742839722144b04255f12bdcd4f45fa54f600a17","Final structured benchmark summary"
"results/tables/FINAL_TABLE3_FINETUNING.csv","final_result_table","25920","063c3bcb747731f66682e74466cfd82debd61106bcf0fa45cb6a478da8e8b8a3","Final benchmark comparison table"
"results/tables/FINAL_TABLE4_FROZEN.csv","final_result_table","21504","fb2c8f84fc1543ec3add0911cedf253761b103149dac73796d3f63f103988f5c","Final benchmark comparison table"
"results/tables/FINAL_TABLE5_LINEAR.csv","final_result_table","21403","d213e99e5bdbd0f4bfe40b71ccbf20724237b22edcd5e6930dc4ad143154dae5","Final benchmark comparison table"
"results/TRAINING_METADATA.csv","result_summary","43606","f16b45c8225975e79439876ccff22ac9a743c5fb811b7814dcf392bbe938c16e","Final structured benchmark summary"
"results/TRAINING_METADATA.json","result_summary","95232","b700e82a24d1a52ce5d3f9d5df797d5148beb4129ad5561e30b2bee14beec879","Final structured benchmark summary"
"review_html/assets/app.js","static_reviewer","18717","9531c29826a0feb4674a1e1ae85d03a3a60021ff247f6d799af2d0d3f0fb6a71","Static reviewer interface file"
"review_html/assets/styles.css","static_reviewer","16114","7205a321e8b937872d005d34efda5fd53b949820eca6f3004534e88c796de1f9","Static reviewer interface file"
"review_html/data/manifest.js","review_data_metadata","72004","377a5fd4c5ad5798e3212b673587fee684767c417b3e176129e78a409a2b3feb","Static reviewer data manifest or registration metadata"
"review_html/data/REVIEW_DATA_MANIFEST.csv","review_data_metadata","35717","a7b610522484e5b17539b1852fd8b947ee7283c34da277bee7012b14487bf233","Static reviewer data manifest or registration metadata"
"review_html/data/REVIEW_DATA_MANIFEST.json","review_data_metadata","73525","8d6b97c68e1bc9f1885de22f56d3cd72169f326790fad51856284954c73deb58","Static reviewer data manifest or registration metadata"
"review_html/data/runs/ecg-cpc__all__finetuning.js","derived_review_shard","4062412","a162e87440125d0b3293a31155c68f1de4e6d7014783a75f8661590d287080ba","Browser-friendly derived inspection shard"
"review_html/data/runs/ecg-cpc__all__frozen.js","derived_review_shard","4029411","5d87b800e6a4a00a49ba9bdc732372fb4f6b91ae452bac39cff80abb2e83b1bf","Browser-friendly derived inspection shard"
"review_html/data/runs/ecg-cpc__all__linear.js","derived_review_shard","3965405","c5ffdfe0303e36ee3f88244a9976d069bb5ac00194b5b66aa853882bf1f6b667","Browser-friendly derived inspection shard"
"review_html/data/runs/ecg-cpc__sub__finetuning.js","derived_review_shard","1325914","4f7ec5774b6d1b810540eaf149d825f118b750142bb047a26157e371889d5c84","Browser-friendly derived inspection shard"
"review_html/data/runs/ecg-cpc__sub__frozen.js","derived_review_shard","1312583","9fffd2f5efd6abe2a0d1ee7705965028136cad22aece68e76265abca55f61ee0","Browser-friendly derived inspection shard"
"review_html/data/runs/ecg-cpc__sub__linear.js","derived_review_shard","1285380","c3af8d18a3445267af62b3b357ef14fd3f6f3be5e5c128d6b9889ab4a9a776a3","Browser-friendly derived inspection shard"
"review_html/data/runs/ecg-cpc__super__finetuning.js","derived_review_shard","293629","f6c684f847497e82a5c758f3fb12cca4bdf2dd7ec6e73ded38ad0d620f8617de","Browser-friendly derived inspection shard"
"review_html/data/runs/ecg-cpc__super__frozen.js","derived_review_shard","291152","b2af797a671da51d69bf3ce2b852be64e78692271fd50ade97ee415dba4720f3","Browser-friendly derived inspection shard"
"review_html/data/runs/ecg-cpc__super__linear.js","derived_review_shard","286519","e87652c07049f551e6c66f3e5e5cf6351df7d40df4875b8f661078f805ece7e6","Browser-friendly derived inspection shard"
"review_html/data/runs/ecg-fm__all__finetuning.js","derived_review_shard","4021149","8e7e3fcdd4f23e505e7727a1c55a2386b396e75073e3aaaef599f151b47aad60","Browser-friendly derived inspection shard"
"review_html/data/runs/ecg-fm__all__frozen.js","derived_review_shard","4028424","c3457c6d5ba38d0497083854c93fc917db015b1420402d27831f1b81a777a7fc","Browser-friendly derived inspection shard"
"review_html/data/runs/ecg-fm__all__linear.js","derived_review_shard","4016284","cd425e176f7a89f46a929a995c448dae32e6caac0c87a672f279727c3321c580","Browser-friendly derived inspection shard"
"review_html/data/runs/ecg-fm__sub__finetuning.js","derived_review_shard","1319080","fac162967a7a0a24be8782b6da55b658dde74f8d6e2b6e7b84291feee8c9465c","Browser-friendly derived inspection shard"
"review_html/data/runs/ecg-fm__sub__frozen.js","derived_review_shard","1310642","2e3482987ca652e4d09626c01bb853187127c9a6a57dade7b62b8315b48ed5d5","Browser-friendly derived inspection shard"
"review_html/data/runs/ecg-fm__sub__linear.js","derived_review_shard","1309973","d28c93671a7508aadf05557085ddd678e71fb39dce4dd0da5a2bc58a77b7f471","Browser-friendly derived inspection shard"
"review_html/data/runs/ecg-fm__super__finetuning.js","derived_review_shard","290286","74c6d0886f8e5a9778e209807c6211c2412ed678ccd0bafe9550e72826cc7f01","Browser-friendly derived inspection shard"
"review_html/data/runs/ecg-fm__super__frozen.js","derived_review_shard","290499","a1db83593d07f3b8597fc23441bb8d69f5f90c648b16156aa0061ae06adc4ba5","Browser-friendly derived inspection shard"
"review_html/data/runs/ecg-fm__super__linear.js","derived_review_shard","289475","5f5dc75f09e8f17aa338c304a44fa90593a127d33a24743e5b32528057320ed3","Browser-friendly derived inspection shard"
"review_html/data/runs/ecgfm-ked__all__finetuning.js","derived_review_shard","4046061","37ca8fc1a841ca4654fe1c281e16d8325133657c09a97e01f4e0c44414306b23","Browser-friendly derived inspection shard"
"review_html/data/runs/ecgfm-ked__all__frozen.js","derived_review_shard","4010895","301d539c9077979deec97246572288910cf38f296d5e0add55a123c5822fd86e","Browser-friendly derived inspection shard"
"review_html/data/runs/ecgfm-ked__all__linear.js","derived_review_shard","3932003","fef7f336bba3071c6f8eb99c2851824272dc43fb4b0b5a5486d520b4a3e981f7","Browser-friendly derived inspection shard"
"review_html/data/runs/ecgfm-ked__sub__finetuning.js","derived_review_shard","1301334","97e9aaa86600d9272949c1f0bb704f4a3b6db8c8cda1e2bcd3979ea65e9c508d","Browser-friendly derived inspection shard"
"review_html/data/runs/ecgfm-ked__sub__frozen.js","derived_review_shard","1303975","6d2b665decd3b14ebf9571803b01cbfa3dc382d71fbf88eafd702e21ed75a8bb","Browser-friendly derived inspection shard"
"review_html/data/runs/ecgfm-ked__sub__linear.js","derived_review_shard","1294301","ade753416647e40dbd8c81ea37dc87431384b3944a7f11c671117779f261718b","Browser-friendly derived inspection shard"
"review_html/data/runs/ecgfm-ked__super__finetuning.js","derived_review_shard","292056","16348cc472defe961abea3f8a023f8ba7cc2f909aa2f56b01f744f0ab22aa950","Browser-friendly derived inspection shard"
"review_html/data/runs/ecgfm-ked__super__frozen.js","derived_review_shard","290291","21f757ab6e6f5bcd6f896776f25d3a40437f29d6261fec58ebd9740bd945b760","Browser-friendly derived inspection shard"
"review_html/data/runs/ecgfm-ked__super__linear.js","derived_review_shard","287958","f4ab7e507b2b581788197c18291c248a77020b04b341b9d08286b61afa595792","Browser-friendly derived inspection shard"
"review_html/data/runs/ecgfounder__all__finetuning.js","derived_review_shard","4029240","ad8fa41e0fb8fe33f34466e82b05b112c44e148a15c886b7576ae58ea5deb661","Browser-friendly derived inspection shard"
"review_html/data/runs/ecgfounder__sub__finetuning.js","derived_review_shard","1310352","4be0cac9e21ecec03c29fe826aa5c4b0054fc6184a8d3f70b684a706dd43300a","Browser-friendly derived inspection shard"
"review_html/data/runs/ecgfounder__sub__frozen.js","derived_review_shard","1306263","a5b446923dc0a63150db07dc9db439a6de37ec80c8ada140d8ebaebc68da9185","Browser-friendly derived inspection shard"
"review_html/data/runs/ecgfounder__sub__linear.js","derived_review_shard","1310925","22ef5a3f287ce74002ecb5b5f08b5fd4691bc33b37c2bf34ede218ba5dbfd33b","Browser-friendly derived inspection shard"
"review_html/data/runs/ecgfounder__super__finetuning.js","derived_review_shard","291214","12dcc456bfc6d69a4307e68dcc7f14186ebcc138444a3cc5e29ee388852b54d4","Browser-friendly derived inspection shard"
"review_html/data/runs/ecgfounder__super__frozen.js","derived_review_shard","291903","49f5675a9b1c304f6478b9a2cb309b6121a6d978724a8db363f61f65234ee23d","Browser-friendly derived inspection shard"
"review_html/data/runs/ecgfounder__super__linear.js","derived_review_shard","289519","7a61ba46cb3b4ce29d715621738bc2cf4a49b546ce5d4e1fedb4f6e1ffe6ac7a","Browser-friendly derived inspection shard"
"review_html/data/runs/ecg-jepa__all__finetuning.js","derived_review_shard","4045721","fec83d1b172bbd78f944e312255d96f8e704cb636f3dd6ec51dc6402225c35e9","Browser-friendly derived inspection shard"
"review_html/data/runs/ecg-jepa__all__frozen.js","derived_review_shard","4041236","6379acc9e5fdb870a5408f28abdb82f31bfe039d47d6522c07fe7ca09c5bcfa1","Browser-friendly derived inspection shard"
"review_html/data/runs/ecg-jepa__all__linear.js","derived_review_shard","4042649","f0e5d7639aeb13a4d861568ce6dff2985bb1364fb10ee9fd288acc4e4813380f","Browser-friendly derived inspection shard"
"review_html/data/runs/ecg-jepa__sub__finetuning.js","derived_review_shard","1316097","72b78a7b7680290e028c435af365e207d43c26a47c6c1be8e6b1fea32157b26f","Browser-friendly derived inspection shard"
"review_html/data/runs/ecg-jepa__sub__frozen.js","derived_review_shard","1311837","b86e9cb5e6b302dbfae4865fc5ca72b1325bbb81b36e53de855eb76993eaf49f","Browser-friendly derived inspection shard"
"review_html/data/runs/ecg-jepa__sub__linear.js","derived_review_shard","1311755","e896ac39d427a250929bfced4c66b584b721fb3c775ed3f4a0932d77c222be87","Browser-friendly derived inspection shard"
"review_html/data/runs/ecg-jepa__super__finetuning.js","derived_review_shard","292209","0d0ed1bc5d4ff765d0bdea8bb21409818ee05474c3033129a329b3ec52bdf22a","Browser-friendly derived inspection shard"
"review_html/data/runs/ecg-jepa__super__frozen.js","derived_review_shard","288904","bebaa908cd49a3376eee9bfaa7538612c2e8892192c5e2a11973220d19f0a075","Browser-friendly derived inspection shard"
"review_html/data/runs/ecg-jepa__super__linear.js","derived_review_shard","289973","61e73917a53751122ade6ba6e81edac80c992c720306e254f24a9368d094de51","Browser-friendly derived inspection shard"
"review_html/data/runs/hubert-ecg__all__finetuning.js","derived_review_shard","4046870","cd52d6dc4013df193835233f822f16f5729b72fbcbbcfef71914fab51d15bf59","Browser-friendly derived inspection shard"
"review_html/data/runs/hubert-ecg__all__frozen.js","derived_review_shard","4011957","b0a246a2e880073e8c713f5b41791191a024b5c93ac3608c7f4879b7bc7cdacb","Browser-friendly derived inspection shard"
"review_html/data/runs/hubert-ecg__all__linear.js","derived_review_shard","3992412","1551b778117aa70e3e880547c494470e5ccc842c3b63d81e46f245e0f4bd009b","Browser-friendly derived inspection shard"
"review_html/data/runs/hubert-ecg__sub__finetuning.js","derived_review_shard","1314650","67b96f22e9085d53d7c4b6bec39468a6ba12004e2bce740c82e2dee4812d506f","Browser-friendly derived inspection shard"
"review_html/data/runs/hubert-ecg__sub__frozen.js","derived_review_shard","1301756","b94f5a19367382a7f27c0257fcbbb96f7dfcb545da5a67c3e44556c9d0aa6647","Browser-friendly derived inspection shard"
"review_html/data/runs/hubert-ecg__sub__linear.js","derived_review_shard","1295757","76219f4b05f62b6abc50668339e7a455f63f91be5eefc84f83acaf1be548f3ae","Browser-friendly derived inspection shard"
"review_html/data/runs/hubert-ecg__super__finetuning.js","derived_review_shard","292497","5d1df4cbef1de49a580f7b49f99bf5ed566b1f1a90b215a69234b30c37534203","Browser-friendly derived inspection shard"
"review_html/data/runs/hubert-ecg__super__frozen.js","derived_review_shard","290284","5ee2bb69d66e629b8e2022c2b649e491da18756cee42ff666bffddd93586ecc5","Browser-friendly derived inspection shard"
"review_html/data/runs/hubert-ecg__super__linear.js","derived_review_shard","287799","500b79f86d6954932d444b0c611f8f5a5b37bdc555d1dfb2b1decba48a0f4bb1","Browser-friendly derived inspection shard"
"review_html/data/runs/merl__all__finetuning.js","derived_review_shard","4035080","3fee118e23bae636f68e09e5de947baed7442886f6e0be4fc905e136bee40d3f","Browser-friendly derived inspection shard"
"review_html/data/runs/merl__all__frozen.js","derived_review_shard","4015115","390d7bb0771a83c76e5698f7edc07c7d60f99c8fa471e5fc9c6cb09aa85fa700","Browser-friendly derived inspection shard"
"review_html/data/runs/merl__all__linear.js","derived_review_shard","3976219","264a58df7e33826ce82b4b50b044581da893c62de14c65014bda21677ba6f65f","Browser-friendly derived inspection shard"
"review_html/data/runs/merl__sub__finetuning.js","derived_review_shard","1311046","615b57cb98fe6e351309c575db8c8b0d7b6add5eb1225fad818d352dfa81a266","Browser-friendly derived inspection shard"
"review_html/data/runs/merl__sub__frozen.js","derived_review_shard","1298898","8b7ffe593100009483337907f1c50bc5d9d15d3364444fd7ddab59507a16a3c7","Browser-friendly derived inspection shard"
"review_html/data/runs/merl__sub__linear.js","derived_review_shard","1293128","41b6a714d3458bb9df6bd3d054747ecff9672bcadf0d51535266275cf3bab3cd","Browser-friendly derived inspection shard"
"review_html/data/runs/merl__super__finetuning.js","derived_review_shard","291213","36b7e97685dba7a29abf69e86cc38700b1900d2ed6101f1c282e4f409de20bba","Browser-friendly derived inspection shard"
"review_html/data/runs/merl__super__frozen.js","derived_review_shard","290103","4e9687e7783812e12fb50386e4e11bfffcc712c0639dc758434fedd34b14e699","Browser-friendly derived inspection shard"
"review_html/data/runs/merl__super__linear.js","derived_review_shard","287071","b1b173dad999fb94f7cf29de2e42672e56720c7aa02c46b4c95623e293c33e07","Browser-friendly derived inspection shard"
"review_html/data/runs/net1d__all__finetuning.js","derived_review_shard","4026578","4643fc38bd4832a31a5f7eba9f45aaeed7dbc190fe58296cb167af1791d9a1a5","Browser-friendly derived inspection shard"
"review_html/data/runs/net1d__sub__finetuning.js","derived_review_shard","1311854","804c511a71bcef8fb2829d0cf22b6c583628f3788c679c09c2e4bb892526e3be","Browser-friendly derived inspection shard"
"review_html/data/runs/net1d__super__finetuning.js","derived_review_shard","290628","2eaf68ca10994678add3d07a961df0b40a29ce35f08ea8de32c3aa80bd0a0e65","Browser-friendly derived inspection shard"
"review_html/data/runs/s4__all__finetuning.js","derived_review_shard","4054023","12d7467bbe4d7fc9b42c48a8ca4345074e12aa7c3b21506bb4bbdcc157af86ab","Browser-friendly derived inspection shard"
"review_html/data/runs/s4__sub__finetuning.js","derived_review_shard","1324112","1167c8f63dd4e5b65a6e2ea7069eca1ebec62f9cc66eeef4a870ecbfc9a4e0e3","Browser-friendly derived inspection shard"
"review_html/data/runs/s4__super__finetuning.js","derived_review_shard","293066","5d1d8c3143fe66a619b0040b8ebd1a1e5f71095505b32b2cb09b4b798f5ea604","Browser-friendly derived inspection shard"
"review_html/data/runs/st-mem__all__finetuning.js","derived_review_shard","4035833","94f1ec3d1e83dff35cddfabdd711f180869285137ef2f09c6f056516f7256251","Browser-friendly derived inspection shard"
"review_html/data/runs/st-mem__all__frozen.js","derived_review_shard","4054570","72b5c2c52fa453080ffd0177488872c6cda4f27fa5b71fa29388ebd36f4d28b7","Browser-friendly derived inspection shard"
"review_html/data/runs/st-mem__all__linear.js","derived_review_shard","4000861","b7c546ba2902b712c02f0090ba8f89a674862472c9fc9d481b2524c747939a92","Browser-friendly derived inspection shard"
"review_html/data/runs/st-mem__sub__finetuning.js","derived_review_shard","1312998","85e7181c5e41b9348bc1beccc2f6e16c8e1778ef5634a749ec7d48c97f974e6c","Browser-friendly derived inspection shard"
"review_html/data/runs/st-mem__sub__frozen.js","derived_review_shard","1314587","0ab48c9d90d09a2110d8b809294277ed4eb33463392e268520d265e66a72b6d0","Browser-friendly derived inspection shard"
"review_html/data/runs/st-mem__sub__linear.js","derived_review_shard","1297181","e2058e3f8bc3a95bcf0b50484d4fd05389d23507f876ae05b258c1a2d3c039fd","Browser-friendly derived inspection shard"
"review_html/data/runs/st-mem__super__finetuning.js","derived_review_shard","290144","74ae237a347013222f0b42d43097f20529aa06f260e583af9fba972abf8eb291","Browser-friendly derived inspection shard"
"review_html/data/runs/st-mem__super__frozen.js","derived_review_shard","289886","c989108419bdad9b27c95099def769313b2aa14b010120b81b47c44913990114","Browser-friendly derived inspection shard"
"review_html/data/runs/st-mem__super__linear.js","derived_review_shard","288150","ed84a43339013735b55509ba076dfebb3487d45af5d7c50458fb462b3528fb43","Browser-friendly derived inspection shard"
"review_html/index.html","static_reviewer","10051","4f27473aa1dae1b0125821de0e285762014739aad808cbf1e3ce60944e26c886","Static reviewer interface file"
"review_html/README.md","static_reviewer","3279","8733794551b3f23a534d4279f996e6a01ca30bcc5ce4e916c9770dda1287edc3","Static reviewer interface file"
"review_html/tools/build_review_data.py","static_reviewer","14418","42a40773be480395f251893b47c9da4ab0e7ff835cd279dfb716a053b1bab16d","Static reviewer interface file"
"sample_predictions/metadata/sample_availability.json","sample_metadata","88493","1d6d4d35639433123bd879cffe0bce82d05a5d0396c43f7c52aaadf237c2bbdc","Sample availability or ECG identity metadata"
"sample_predictions/metadata/test_prediction_index_mapping.csv","sample_metadata","44994","30ab052fabdaac8606247d9519fb6d31479365ef4442e6a56f21b2d81739a32b","Sample availability or ECG identity metadata"
"sample_predictions/record_level/ecg-cpc/all/finetuning/PTBXL_ALL_ECG_CPC_FINETUNING_FORMAL_record_level.npz","record_level_sample","1251456","01b324466c5fba3780b12596b374f94424155cb17204c3e9145e3bfb01ffc314","Canonical record-level prediction and target bundle"
"sample_predictions/record_level/ecg-cpc/all/frozen/PTBXL_ALL_ECG_CPC_FROZEN_FORMAL_RUN_013_record_level.npz","record_level_sample","1251456","4a2f4c4517f43a5742d7820de83d88bef3471b45fefc18d8da077ba6a03f91c8","Canonical record-level prediction and target bundle"
"sample_predictions/record_level/ecg-cpc/all/linear/PTBXL_ALL_ECG_CPC_LINEAR_FORMAL_RUN_014_record_level.npz","record_level_sample","1251456","96bc8102d112cd18cf07a9e08811eea5ddb1c6d0aae7451afe5e807297f7ac1a","Canonical record-level prediction and target bundle"
"sample_predictions/record_level/ecg-cpc/sub/finetuning/PTBXL_SUB_ECG_CPC_FINETUNING_FORMAL_052_01_record_level.npz","record_level_sample","406264","841e6529bcec584f9932339b644b385fc77d65435d98480db627d0d1d9a663be","Canonical record-level prediction and target bundle"
"sample_predictions/record_level/ecg-cpc/sub/frozen/PTBXL_SUB_ECG_CPC_FROZEN_FORMAL_052_02_record_level.npz","record_level_sample","406264","4d142f72187e84890130a8ffd60ff1fd7161d113a0c933729ec4788eab7b51d5","Canonical record-level prediction and target bundle"
"sample_predictions/record_level/ecg-cpc/sub/linear/PTBXL_SUB_ECG_CPC_LINEAR_FORMAL_052_03_record_level.npz","record_level_sample","406264","4159a2180f297d425393b066fa52447d782ee1aa8f2a374d1b70feb902d0e92b","Canonical record-level prediction and target bundle"
"sample_predictions/record_level/ecg-cpc/super/finetuning/PTBXL_SUPER_ECG_CPC_FINETUNING_FORMAL_052_04_record_level.npz","record_level_sample","89004","c0e48ce4af77e3bb606a07e552a8353145a8a5a0f8b100da50c93462b2431f68","Canonical record-level prediction and target bundle"
"sample_predictions/record_level/ecg-cpc/super/frozen/PTBXL_SUPER_ECG_CPC_FROZEN_FORMAL_052_05_record_level.npz","record_level_sample","89004","7be89200a23a26fdf452d173d5a63588b569f135fbb0ed26919ef80766466306","Canonical record-level prediction and target bundle"
"sample_predictions/record_level/ecg-cpc/super/linear/PTBXL_SUPER_ECG_CPC_LINEAR_FORMAL_052_06_record_level.npz","record_level_sample","89004","16ba644a249af87ac7c75fcb406cd55bbace9932c67163cd70885491715d6623","Canonical record-level prediction and target bundle"
"sample_predictions/record_level/ecg-fm/all/finetuning/PTBXL_ALL_ECG_FM_FINETUNING_FORMAL_record_level.npz","record_level_sample","1251456","0bfcaa240f23980b570df3715967c26cbcc7764cda65bdb06a37e4b8cb4fd76e","Canonical record-level prediction and target bundle"
"sample_predictions/record_level/ecg-fm/all/frozen/PTBXL_ALL_ECG_FM_FROZEN_FORMAL_RUN_015_record_level.npz","record_level_sample","1251456","eb244e91abe66b47c0a8bf1c391db5de3536ca3728e621d363eec74690eb7481","Canonical record-level prediction and target bundle"
"sample_predictions/record_level/ecg-fm/all/linear/PTBXL_ALL_ECG_FM_LINEAR_FORMAL_RUN_016_record_level.npz","record_level_sample","1251456","c244f23c7cb84ca3d7f21526d7f90c4f18ffa3fcf4812f35496f5eb558051f61","Canonical record-level prediction and target bundle"
"sample_predictions/record_level/ecg-fm/sub/finetuning/PTBXL_SUB_ECG_FM_FINETUNING_FORMAL_052_07_record_level.npz","record_level_sample","406264","14e00555f0270df8991d05ab92edaafe2ec6d27ee72639bc43674f387163271c","Canonical record-level prediction and target bundle"
"sample_predictions/record_level/ecg-fm/sub/frozen/PTBXL_SUB_ECG_FM_FROZEN_FORMAL_052_08_record_level.npz","record_level_sample","406264","a9297aa2420d3977650a3bca408e46b12ca93c56403504722b009fad7d0b0abc","Canonical record-level prediction and target bundle"
"sample_predictions/record_level/ecg-fm/sub/linear/PTBXL_SUB_ECG_FM_LINEAR_FORMAL_052_09_record_level.npz","record_level_sample","406264","37210db7c3208c8001d17595601396f01483c1267611eaa6b1f9a7dbd48f15da","Canonical record-level prediction and target bundle"
"sample_predictions/record_level/ecg-fm/super/finetuning/PTBXL_SUPER_ECG_FM_FINETUNING_FORMAL_052_10_record_level.npz","record_level_sample","89004","5f6ec657e1de7bc6c9e965174d070e110dbc3deb3ef7a3332f04831b56104c19","Canonical record-level prediction and target bundle"
"sample_predictions/record_level/ecg-fm/super/frozen/PTBXL_SUPER_ECG_FM_FROZEN_FORMAL_052_11_record_level.npz","record_level_sample","89004","d66a247e2d71339a73d38b1fc070f2cb526973e6bc59fa50ee3fc23c6367f2da","Canonical record-level prediction and target bundle"
"sample_predictions/record_level/ecg-fm/super/linear/PTBXL_SUPER_ECG_FM_LINEAR_FORMAL_052_12_record_level.npz","record_level_sample","89004","7ef08146fe1d3f454e05729e7b3303d8d30d4cb051640adca4721bfbc26669b5","Canonical record-level prediction and target bundle"
"sample_predictions/record_level/ecgfm-ked/all/finetuning/PTBXL_ALL_ECGFM_KED_FINETUNING_FORMAL_record_level.npz","record_level_sample","1251456","4e9ca188e24bfd75d6731ca774b202f0776a3d4fcef5a8695d152c737fa98338","Canonical record-level prediction and target bundle"
"sample_predictions/record_level/ecgfm-ked/all/frozen/PTBXL_ALL_ECGFM_KED_FROZEN_FORMAL_RUN_009_record_level.npz","record_level_sample","1251456","026672953b43d3bde7657ac0ad649fce878f4b562fe856917a45ac449e61f484","Canonical record-level prediction and target bundle"
"sample_predictions/record_level/ecgfm-ked/all/linear/PTBXL_ALL_ECGFM_KED_LINEAR_FORMAL_RUN_010_record_level.npz","record_level_sample","1251456","aede6db1828cf1b60169a75c5e4f0af9db24d71435cd9b79bec8715a2d827cef","Canonical record-level prediction and target bundle"
"sample_predictions/record_level/ecgfm-ked/sub/finetuning/PTBXL_SUB_13_ECGFM_KED_FINETUNING_FORMAL_SUB2_record_level.npz","record_level_sample","406264","c3bc8c417c762f5745912710ccafd99995cf8bd5dfc0506ff4b3a2485f491e99","Canonical record-level prediction and target bundle"
"sample_predictions/record_level/ecgfm-ked/sub/frozen/PTBXL_SUB_14_ECGFM_KED_FROZEN_FORMAL_SUB2_record_level.npz","record_level_sample","406264","f7a7b46f1387f1f16075e2911abf82da71d1e55a94d9c534376f9c0480c90ce2","Canonical record-level prediction and target bundle"
"sample_predictions/record_level/ecgfm-ked/sub/linear/PTBXL_SUB_15_ECGFM_KED_LINEAR_FORMAL_SUB2_record_level.npz","record_level_sample","406264","5e2b8c7805c4bf09ecfa8135257bd6b407d8101a3f90064b2ea3b4e6d7a74784","Canonical record-level prediction and target bundle"
"sample_predictions/record_level/ecgfm-ked/super/finetuning/PTBXL_SUPER_13_ECGFM_KED_FINETUNING_FORMAL_SUPER2_record_level.npz","record_level_sample","89004","3b93aaeca443b078c5778e1be44baa2d48c4e36c1ea06e617bdc04ee9d929763","Canonical record-level prediction and target bundle"
"sample_predictions/record_level/ecgfm-ked/super/frozen/PTBXL_SUPER_14_ECGFM_KED_FROZEN_FORMAL_SUPER2_record_level.npz","record_level_sample","89004","3503915b2223943cb6651bbe173858c86a849fbe63cd41c2beaedff77e46bf5a","Canonical record-level prediction and target bundle"
"sample_predictions/record_level/ecgfm-ked/super/linear/PTBXL_SUPER_15_ECGFM_KED_LINEAR_FORMAL_SUPER2_record_level.npz","record_level_sample","89004","ed2f3e4436c9d96153c7249b08d8d444fb7d9992b94b08ce53460d9f6793661e","Canonical record-level prediction and target bundle"
"sample_predictions/record_level/ecgfounder/all/finetuning/PTBXL_ALL_ECGFOUNDER_FINETUNING_FORMAL_record_level.npz","record_level_sample","1251456","faf53dd6d71651ec531618291074fce3f62e6221e030b0242b1a8947adf69cc3","Canonical record-level prediction and target bundle"
"sample_predictions/record_level/ecgfounder/sub/finetuning/PTBXL_SUB_01_ECGFOUNDER_FINETUNING_FORMAL_record_level.npz","record_level_sample","406264","57b5e6a4259b8cf299245848df79e1cb37a28f01068bc16431a368233f16c753","Canonical record-level prediction and target bundle"
"sample_predictions/record_level/ecgfounder/sub/frozen/PTBXL_SUB_02_ECGFOUNDER_FROZEN_FORMAL_record_level.npz","record_level_sample","406264","d6af750e14989ace70e633a3758b94eb4e79f08ac592071c17c7d60826cbf613","Canonical record-level prediction and target bundle"
"sample_predictions/record_level/ecgfounder/sub/linear/PTBXL_SUB_03_ECGFOUNDER_LINEAR_FORMAL_record_level.npz","record_level_sample","406264","d6fb75f8bb4127a8fe81f9c1d06978ba496747edc71280b0bb93a853a06a0d66","Canonical record-level prediction and target bundle"
"sample_predictions/record_level/ecgfounder/super/finetuning/PTBXL_SUPER_01_ECGFOUNDER_FINETUNING_FORMAL_record_level.npz","record_level_sample","89004","0f6e09641f2b195f4ad08367c4bcdcc93e719c350dffcd50da1933a1850b298e","Canonical record-level prediction and target bundle"
"sample_predictions/record_level/ecgfounder/super/frozen/PTBXL_SUPER_02_ECGFOUNDER_FROZEN_FORMAL_record_level.npz","record_level_sample","89004","c7d444ff4dfff7006e9891d186e5456ef0534c75540708aa8e87270ae29f9f56","Canonical record-level prediction and target bundle"
"sample_predictions/record_level/ecgfounder/super/linear/PTBXL_SUPER_03_ECGFOUNDER_LINEAR_FORMAL_record_level.npz","record_level_sample","89004","9d9aaec3850e9c0a201515675d1a5007e5a8833baa836b09c60e7e5d6e556dd2","Canonical record-level prediction and target bundle"
"sample_predictions/record_level/ecg-jepa/all/finetuning/PTBXL_ALL_ECG_JEPA_FINETUNING_FORMAL_record_level.npz","record_level_sample","1251456","56f20d55fb4f9f496498cf1f5f62799ec1edc901408c49831c18bd493c784915","Canonical record-level prediction and target bundle"
"sample_predictions/record_level/ecg-jepa/all/frozen/PTBXL_ALL_ECG_JEPA_FROZEN_FORMAL_RUN_003_record_level.npz","record_level_sample","1251456","a0dbc8135cda2a2092fcb4ad98281fa188549da228c034abed765383b8fd2f03","Canonical record-level prediction and target bundle"
"sample_predictions/record_level/ecg-jepa/all/linear/PTBXL_ALL_ECG_JEPA_LINEAR_FORMAL_RUN_004_record_level.npz","record_level_sample","1251456","52ae2cb6a18ec59a27260f1f47a25fa6e01df681458f2e6fed2bd12d50a11c0d","Canonical record-level prediction and target bundle"
"sample_predictions/record_level/ecg-jepa/sub/finetuning/PTBXL_SUB_04_ECG_JEPA_FINETUNING_FORMAL_record_level.npz","record_level_sample","406264","f08e203430c8cf1c1efa1ad8630d24542995488b904ebdd7cc910bc41e6ded62","Canonical record-level prediction and target bundle"
"sample_predictions/record_level/ecg-jepa/sub/frozen/PTBXL_SUB_05_ECG_JEPA_FROZEN_FORMAL_record_level.npz","record_level_sample","406264","61dc13797aca505d5d42c7ca0d59dab2b8dd8c2fcea316af2e59a4c92030e9e1","Canonical record-level prediction and target bundle"
"sample_predictions/record_level/ecg-jepa/sub/linear/PTBXL_SUB_06_ECG_JEPA_LINEAR_FORMAL_record_level.npz","record_level_sample","406264","36cb2ba48d01d29de38554b106cc0e51be3ecb6e413eec8f70131ba0114d40f8","Canonical record-level prediction and target bundle"
"sample_predictions/record_level/ecg-jepa/super/finetuning/PTBXL_SUPER_04_ECG_JEPA_FINETUNING_FORMAL_record_level.npz","record_level_sample","89004","696515963349a4066fae309471ee5048f07560477153752dcc4bfb61536355a4","Canonical record-level prediction and target bundle"
"sample_predictions/record_level/ecg-jepa/super/frozen/PTBXL_SUPER_05_ECG_JEPA_FROZEN_FORMAL_record_level.npz","record_level_sample","89004","c4b01c89288d8a77b3872cd908a20e31e05e6e238ea27827a52b404c2e407f54","Canonical record-level prediction and target bundle"
"sample_predictions/record_level/ecg-jepa/super/linear/PTBXL_SUPER_06_ECG_JEPA_LINEAR_FORMAL_record_level.npz","record_level_sample","89004","6d79dd5027a01bace559696e7a0b32732474ff8dfc0cee88f7c778259135468a","Canonical record-level prediction and target bundle"
"sample_predictions/record_level/hubert-ecg/all/finetuning/PTBXL_ALL_HUBERT_ECG_FINETUNING_FORMAL_record_level.npz","record_level_sample","1251456","8ca6e2a6bbcf6d8cf351e59dd92bfdbe7a969a508d102a01859b8c2b3e5ebb75","Canonical record-level prediction and target bundle"
"sample_predictions/record_level/hubert-ecg/all/frozen/PTBXL_ALL_HUBERT_ECG_FROZEN_FORMAL_RUN_011_record_level.npz","record_level_sample","1251456","82703b81825e1bd80d16938256853c389105c88658a906d11ca167f870faa817","Canonical record-level prediction and target bundle"
"sample_predictions/record_level/hubert-ecg/all/linear/PTBXL_ALL_HUBERT_ECG_LINEAR_FORMAL_RUN_012_record_level.npz","record_level_sample","1251456","46445ee58074ba789c6b25cad3fd960bda9587a8abf6f8c8d5293b49915cd666","Canonical record-level prediction and target bundle"
"sample_predictions/record_level/hubert-ecg/sub/finetuning/PTBXL_SUB_16_HUBERT_ECG_FINETUNING_FORMAL_SUB3_record_level.npz","record_level_sample","406264","0296c56e4fd7e33af07d3dbd68315d447f5a8e869bc3474d7081e7b4d5d1926a","Canonical record-level prediction and target bundle"
"sample_predictions/record_level/hubert-ecg/sub/frozen/PTBXL_SUB_17_HUBERT_ECG_FROZEN_FORMAL_SUB3_record_level.npz","record_level_sample","406264","7df4e2029253bf36237bd4a51d5e92a73e7ea762ce7bab95588924b6109bef80","Canonical record-level prediction and target bundle"
"sample_predictions/record_level/hubert-ecg/sub/linear/PTBXL_SUB_18_HUBERT_ECG_LINEAR_FORMAL_SUB3_record_level.npz","record_level_sample","406264","17b2732084fc142c6a2a4aa8c9c02a8f189e15f7d94301f71a90ba9f9203df6f","Canonical record-level prediction and target bundle"
"sample_predictions/record_level/hubert-ecg/super/finetuning/PTBXL_SUPER_16_HUBERT_ECG_FINETUNING_FORMAL_SUPER3_record_level.npz","record_level_sample","89004","cecb1c7b1052a342cf65bbf5a4abe9df791ee0d02e12b347e6cc44e05a2df26a","Canonical record-level prediction and target bundle"
"sample_predictions/record_level/hubert-ecg/super/frozen/PTBXL_SUPER_17_HUBERT_ECG_FROZEN_FORMAL_SUPER3_record_level.npz","record_level_sample","89004","2a5a7473b7ad554bbeb4acd9f37be64639ff8a3ab6647e3de18b9057953df64e","Canonical record-level prediction and target bundle"
"sample_predictions/record_level/hubert-ecg/super/linear/PTBXL_SUPER_18_HUBERT_ECG_LINEAR_FORMAL_SUPER3_record_level.npz","record_level_sample","89004","2da51e600383487696b2186c252c37f00202fb590787d454227cd97a7f257d08","Canonical record-level prediction and target bundle"
"sample_predictions/record_level/merl/all/finetuning/PTBXL_ALL_MERL_FINETUNING_FORMAL_record_level.npz","record_level_sample","1251456","0bb24acf0a2ac71375ad0c23779f72d846fb9cdd9b6e9de7a718fc3dad829202","Canonical record-level prediction and target bundle"
"sample_predictions/record_level/merl/all/frozen/PTBXL_ALL_MERL_FROZEN_FORMAL_RUN_007_record_level.npz","record_level_sample","1251456","9170b8bd316bfaecc9b10a1938a96d4f3b642e4d4ed97dfd8126b2fc0b3e0263","Canonical record-level prediction and target bundle"
"sample_predictions/record_level/merl/all/linear/PTBXL_ALL_MERL_LINEAR_FORMAL_RUN_008_record_level.npz","record_level_sample","1251456","5a93b888d0e0b70517cdce07e08887d26613cf916fb2c955fa35c851a5c05584","Canonical record-level prediction and target bundle"
"sample_predictions/record_level/merl/sub/finetuning/PTBXL_SUB_10_MERL_FINETUNING_FORMAL_SUB1_record_level.npz","record_level_sample","406264","ede2d0b4400724c158ab3161be1c5ff7ec8c20841af77cb7a6a93861d803128c","Canonical record-level prediction and target bundle"
"sample_predictions/record_level/merl/sub/frozen/PTBXL_SUB_11_MERL_FROZEN_FORMAL_SUB1_record_level.npz","record_level_sample","406264","5f3bb97bf9d89702d2b20a8b7f1d79662c5a5fde027dfec9fa7b55cf03ead8db","Canonical record-level prediction and target bundle"
"sample_predictions/record_level/merl/sub/linear/PTBXL_SUB_12_MERL_LINEAR_FORMAL_SUB1_record_level.npz","record_level_sample","406264","219e4d5f51e5c7193c87cf47114f79509ea724475cc63cad3664ca46bbacb51a","Canonical record-level prediction and target bundle"
"sample_predictions/record_level/merl/super/finetuning/PTBXL_SUPER_10_MERL_FINETUNING_FORMAL_SUPER1_record_level.npz","record_level_sample","89004","f6e03a6228804d1731f4489bf1bf605dd6479f1b13d2f3b297d3c000a2ff164e","Canonical record-level prediction and target bundle"
"sample_predictions/record_level/merl/super/frozen/PTBXL_SUPER_11_MERL_FROZEN_FORMAL_SUPER1_record_level.npz","record_level_sample","89004","2a520445e9b63fbb723b6fb1ffb293062644c03bd60948936f6229c56d1da9ad","Canonical record-level prediction and target bundle"
"sample_predictions/record_level/merl/super/linear/PTBXL_SUPER_12_MERL_LINEAR_FORMAL_SUPER1_record_level.npz","record_level_sample","89004","654e30097036b43951f8c11a57699da1b7b6c3630803832ba678fc51269c3276","Canonical record-level prediction and target bundle"
"sample_predictions/record_level/net1d/all/finetuning/PTBXL_ALL_NET1D_FINETUNING_FORMAL_record_level.npz","record_level_sample","1251456","8d7652d445a1447b5e75fa2c4b419e621a6d0d337221c709e68447ec1d8b93b9","Canonical record-level prediction and target bundle"
"sample_predictions/record_level/net1d/sub/finetuning/PTBXL_SUB_20_NET1D_FINETUNING_FORMAL_SUB4_record_level.npz","record_level_sample","406264","3852c2fca20aac1229f417300102d554d4b056689ff4305cea4ef85d02db9b94","Canonical record-level prediction and target bundle"
"sample_predictions/record_level/net1d/super/finetuning/PTBXL_SUPER_20_NET1D_FINETUNING_FORMAL_SUPER4_record_level.npz","record_level_sample","89004","e243f25e1593820f0167e4e266a2ac5740e1be52711d351d7c8487ec7b6965c8","Canonical record-level prediction and target bundle"
"sample_predictions/record_level/s4/all/finetuning/PTBXL_ALL_S4_FINETUNING_FORMAL_record_level.npz","record_level_sample","1251456","22b0bf611b072fd7bcae57f69c0e8d340a6f3d23b984c5e747b6a978a32a79c2","Canonical record-level prediction and target bundle"
"sample_predictions/record_level/s4/sub/finetuning/PTBXL_SUB_19_S4_FINETUNING_FORMAL_SUB4_record_level.npz","record_level_sample","406264","bd48fd83ef33d8d9e60b9fd731c56bea3b9ec53d79c9317f2298336844acb03f","Canonical record-level prediction and target bundle"
"sample_predictions/record_level/s4/super/finetuning/PTBXL_SUPER_19_S4_FINETUNING_FORMAL_SUPER4_record_level.npz","record_level_sample","89004","ac9776293e8582d3d54eb30e1a9735a61d123f411bd1378c4be4c17fb591e1f1","Canonical record-level prediction and target bundle"
"sample_predictions/record_level/st-mem/all/finetuning/PTBXL_ALL_ST_MEM_FINETUNING_FORMAL_record_level.npz","record_level_sample","1251456","ac17f76dfde6583e9936a9ee80469f4ad4eed09514ede14c179f2fae563f31de","Canonical record-level prediction and target bundle"
"sample_predictions/record_level/st-mem/all/frozen/PTBXL_ALL_ST_MEM_FROZEN_FORMAL_RUN_005_record_level.npz","record_level_sample","1251456","00ca71fc743e3a0e1212eb019956524902ad0e1a1382f4bece99621c47c2a55c","Canonical record-level prediction and target bundle"
"sample_predictions/record_level/st-mem/all/linear/PTBXL_ALL_ST_MEM_LINEAR_FORMAL_RUN_006_record_level.npz","record_level_sample","1251456","3f207fd0452c375c629cd3bd9343a2df009d138aa8c73663174250369bfb0415","Canonical record-level prediction and target bundle"
"sample_predictions/record_level/st-mem/sub/finetuning/PTBXL_SUB_07_ST_MEM_FINETUNING_FORMAL_RETRY_03_record_level.npz","record_level_sample","406264","b8efaeea9f6b463a00e07b3d39ede80e856d737e00b414e684d2a331386b0211","Canonical record-level prediction and target bundle"
"sample_predictions/record_level/st-mem/sub/frozen/PTBXL_SUB_08_ST_MEM_FROZEN_FORMAL_record_level.npz","record_level_sample","406264","dd4040cf97536bd3fc8b4d290b49d9954f401466224a28c7e64f680c8efb6b71","Canonical record-level prediction and target bundle"
"sample_predictions/record_level/st-mem/sub/linear/PTBXL_SUB_09_ST_MEM_LINEAR_FORMAL_record_level.npz","record_level_sample","406264","3c77b5508297224845fb84c1f9c7eea575b68e51672eb486af3474b61e3b7132","Canonical record-level prediction and target bundle"
"sample_predictions/record_level/st-mem/super/finetuning/PTBXL_SUPER_07_ST_MEM_FINETUNING_FORMAL_RETRY_03_record_level.npz","record_level_sample","89004","f8bcd8ab5a396f9d8371041706e7c60faf87bd2fc7d1ba76ebefaf7902738e59","Canonical record-level prediction and target bundle"
"sample_predictions/record_level/st-mem/super/frozen/PTBXL_SUPER_08_ST_MEM_FROZEN_FORMAL_record_level.npz","record_level_sample","89004","0422ac3d2b6cca757c2c6ceedf105efaa9c7433cf2fdc407ffae6893b28cdf83","Canonical record-level prediction and target bundle"
"sample_predictions/record_level/st-mem/super/linear/PTBXL_SUPER_09_ST_MEM_LINEAR_FORMAL_record_level.npz","record_level_sample","89004","18632f3a9bb31ed7fa49e31384a2badb5d2772684debcc9dc5de2236d7a81719","Canonical record-level prediction and target bundle"
"sample_predictions/window_level/ecg-cpc/all/finetuning/PTBXL_ALL_ECG_CPC_FINETUNING_FORMAL_window_level_noagg.npz","window_level_sample","4996848","f8b256450e629a417232b5d45a34c05a1325d1483d869aeafa5e3c4f17d0d92e","Supplementary window-level prediction bundle"
"sample_predictions/window_level/ecg-cpc/all/frozen/PTBXL_ALL_ECG_CPC_FROZEN_FORMAL_RUN_013_window_level_noagg.npz","window_level_sample","4996848","f3b302ac15ce5adc5c318e5c27c222d0ecea8b30adb83afb215da0d9a6da259d","Supplementary window-level prediction bundle"
"sample_predictions/window_level/ecg-cpc/all/linear/PTBXL_ALL_ECG_CPC_LINEAR_FORMAL_RUN_014_window_level_noagg.npz","window_level_sample","4996848","326f18d5ec15d746580c2858cacafbc2a7d75286d4628513442b7a20be69eb49","Supplementary window-level prediction bundle"
"sample_predictions/window_level/ecg-cpc/sub/finetuning/PTBXL_SUB_ECG_CPC_FINETUNING_FORMAL_052_01_window_level_noagg.npz","window_level_sample","1619560","c7f4e1b9f7fd4e749336a8be70820fdc89f876506dde5dc4ee88649d45802a59","Supplementary window-level prediction bundle"
"sample_predictions/window_level/ecg-cpc/sub/frozen/PTBXL_SUB_ECG_CPC_FROZEN_FORMAL_052_02_window_level_noagg.npz","window_level_sample","1619560","942e0659b111d24f2a1e81bc36c396e893d7f12c6757a8ed280e784b576a193c","Supplementary window-level prediction bundle"
"sample_predictions/window_level/ecg-cpc/sub/linear/PTBXL_SUB_ECG_CPC_LINEAR_FORMAL_052_03_window_level_noagg.npz","window_level_sample","1619560","f4c56859339265c3bb8ee018ae85e15fcd38be88f2f1207e65c2ca3730b28052","Supplementary window-level prediction bundle"
"sample_predictions/window_level/ecg-cpc/super/finetuning/PTBXL_SUPER_ECG_CPC_FINETUNING_FORMAL_052_04_window_level_noagg.npz","window_level_sample","352764","58c625d790e0f6dfdc0c3901ceca8dc0ccf137aac28408339a8cf24d48df4987","Supplementary window-level prediction bundle"
"sample_predictions/window_level/ecg-cpc/super/frozen/PTBXL_SUPER_ECG_CPC_FROZEN_FORMAL_052_05_window_level_noagg.npz","window_level_sample","352764","e4e4d5eaaa9db217dee4a6d132f4a4b312f3b0ab41e4ad12f54a90782fee6ab5","Supplementary window-level prediction bundle"
"sample_predictions/window_level/ecg-cpc/super/linear/PTBXL_SUPER_ECG_CPC_LINEAR_FORMAL_052_06_window_level_noagg.npz","window_level_sample","352764","be2c42a75c3836d759590a0c2f6c51cb5f800f56daefbb0b818865922e0fba33","Supplementary window-level prediction bundle"
"sample_predictions/window_level/ecg-fm/all/finetuning/PTBXL_ALL_ECG_FM_FINETUNING_FORMAL_window_level_noagg.npz","window_level_sample","2499920","9d5e0fc1e11471d72021e27bbd5424cbd8ff0be9c3f6f6fab830e9d2c2ed3d96","Supplementary window-level prediction bundle"
"sample_predictions/window_level/ecg-fm/all/frozen/PTBXL_ALL_ECG_FM_FROZEN_FORMAL_RUN_015_window_level_noagg.npz","window_level_sample","2499920","ba51d7f3ce666cc13ec3e6859153660baff74d06fe2c9ec8a525e03512f0586a","Supplementary window-level prediction bundle"
"sample_predictions/window_level/ecg-fm/all/linear/PTBXL_ALL_ECG_FM_LINEAR_FORMAL_RUN_016_window_level_noagg.npz","window_level_sample","2499920","3614ae730999769912634aba2b4ccbd504e951784f18d0001ae8299ba60fa7d2","Supplementary window-level prediction bundle"
"sample_predictions/window_level/ecg-fm/sub/finetuning/PTBXL_SUB_ECG_FM_FINETUNING_FORMAL_052_07_window_level_noagg.npz","window_level_sample","810696","59df6f50f2b6a680a454aa5ce4d9d0a0449c1342e17a74d98000ef16abc457ee","Supplementary window-level prediction bundle"
"sample_predictions/window_level/ecg-fm/sub/frozen/PTBXL_SUB_ECG_FM_FROZEN_FORMAL_052_08_window_level_noagg.npz","window_level_sample","810696","f6d76eb81feaef7e55ee09d830da6df7ea105750107614633fdc04733596260e","Supplementary window-level prediction bundle"
"sample_predictions/window_level/ecg-fm/sub/linear/PTBXL_SUB_ECG_FM_LINEAR_FORMAL_052_09_window_level_noagg.npz","window_level_sample","810696","f5aa5d5fd9fee6f69a5799ff53e02323e166367af9315e9f252e86831b95cc45","Supplementary window-level prediction bundle"
"sample_predictions/window_level/ecg-fm/super/finetuning/PTBXL_SUPER_ECG_FM_FINETUNING_FORMAL_052_10_window_level_noagg.npz","window_level_sample","176924","cdcdc797aba28b09c1125d2e00f56272c834b9b5b32bb2984a1aafa23d18cb78","Supplementary window-level prediction bundle"
"sample_predictions/window_level/ecg-fm/super/frozen/PTBXL_SUPER_ECG_FM_FROZEN_FORMAL_052_11_window_level_noagg.npz","window_level_sample","176924","c581ffc032f4321e215e79036525b63b30438db3941c2942f66b3e6c834262e2","Supplementary window-level prediction bundle"
"sample_predictions/window_level/ecg-fm/super/linear/PTBXL_SUPER_ECG_FM_LINEAR_FORMAL_052_12_window_level_noagg.npz","window_level_sample","176924","4c2efac75ef642c3508a14ea76ac3b885f61300f8a959fc277dc36f5b477a1cf","Supplementary window-level prediction bundle"
"sample_predictions/window_level/ecgfm-ked/all/finetuning/PTBXL_ALL_ECGFM_KED_FINETUNING_FORMAL_window_level_noagg.npz","window_level_sample","1251456","4e9ca188e24bfd75d6731ca774b202f0776a3d4fcef5a8695d152c737fa98338","Supplementary window-level prediction bundle"
"sample_predictions/window_level/ecgfm-ked/all/frozen/PTBXL_ALL_ECGFM_KED_FROZEN_FORMAL_RUN_009_window_level_noagg.npz","window_level_sample","1251456","026672953b43d3bde7657ac0ad649fce878f4b562fe856917a45ac449e61f484","Supplementary window-level prediction bundle"
"sample_predictions/window_level/ecgfm-ked/all/linear/PTBXL_ALL_ECGFM_KED_LINEAR_FORMAL_RUN_010_window_level_noagg.npz","window_level_sample","1251456","aede6db1828cf1b60169a75c5e4f0af9db24d71435cd9b79bec8715a2d827cef","Supplementary window-level prediction bundle"
"sample_predictions/window_level/ecgfm-ked/sub/finetuning/PTBXL_SUB_13_ECGFM_KED_FINETUNING_FORMAL_SUB2_window_level_noagg.npz","window_level_sample","406264","c3bc8c417c762f5745912710ccafd99995cf8bd5dfc0506ff4b3a2485f491e99","Supplementary window-level prediction bundle"
"sample_predictions/window_level/ecgfm-ked/sub/frozen/PTBXL_SUB_14_ECGFM_KED_FROZEN_FORMAL_SUB2_window_level_noagg.npz","window_level_sample","406264","f7a7b46f1387f1f16075e2911abf82da71d1e55a94d9c534376f9c0480c90ce2","Supplementary window-level prediction bundle"
"sample_predictions/window_level/ecgfm-ked/sub/linear/PTBXL_SUB_15_ECGFM_KED_LINEAR_FORMAL_SUB2_window_level_noagg.npz","window_level_sample","406264","5e2b8c7805c4bf09ecfa8135257bd6b407d8101a3f90064b2ea3b4e6d7a74784","Supplementary window-level prediction bundle"
"sample_predictions/window_level/ecgfm-ked/super/finetuning/PTBXL_SUPER_13_ECGFM_KED_FINETUNING_FORMAL_SUPER2_window_level_noagg.npz","window_level_sample","89004","3b93aaeca443b078c5778e1be44baa2d48c4e36c1ea06e617bdc04ee9d929763","Supplementary window-level prediction bundle"
"sample_predictions/window_level/ecgfm-ked/super/frozen/PTBXL_SUPER_14_ECGFM_KED_FROZEN_FORMAL_SUPER2_window_level_noagg.npz","window_level_sample","89004","3503915b2223943cb6651bbe173858c86a849fbe63cd41c2beaedff77e46bf5a","Supplementary window-level prediction bundle"
"sample_predictions/window_level/ecgfm-ked/super/linear/PTBXL_SUPER_15_ECGFM_KED_LINEAR_FORMAL_SUPER2_window_level_noagg.npz","window_level_sample","89004","ed2f3e4436c9d96153c7249b08d8d444fb7d9992b94b08ce53460d9f6793661e","Supplementary window-level prediction bundle"
"sample_predictions/window_level/ecgfounder/all/finetuning/PTBXL_ALL_ECGFOUNDER_FINETUNING_FORMAL_window_level_noagg.npz","window_level_sample","4996848","7fb81ee4ec4b41608549d508cf66b350598f3e2d3eb3b84a9386c553bf743f0f","Supplementary window-level prediction bundle"
"sample_predictions/window_level/ecgfounder/sub/finetuning/PTBXL_SUB_01_ECGFOUNDER_FINETUNING_FORMAL_window_level_noagg.npz","window_level_sample","1619560","643bb478f6ee5e56dd72f89b97a099c541a5980a867a18327e128031eece0067","Supplementary window-level prediction bundle"
"sample_predictions/window_level/ecgfounder/sub/frozen/PTBXL_SUB_02_ECGFOUNDER_FROZEN_FORMAL_window_level_noagg.npz","window_level_sample","1619560","d3ff60cca84d95bc9427b9087f0bbf7a2feedbefd94a1d7e28ab59ad54b7df21","Supplementary window-level prediction bundle"
"sample_predictions/window_level/ecgfounder/sub/linear/PTBXL_SUB_03_ECGFOUNDER_LINEAR_FORMAL_window_level_noagg.npz","window_level_sample","1619560","0f388f37d7498c7e84c86a3eb576cfe86bcc3c612dc4e9eca65371831d0407cb","Supplementary window-level prediction bundle"
"sample_predictions/window_level/ecgfounder/super/finetuning/PTBXL_SUPER_01_ECGFOUNDER_FINETUNING_FORMAL_window_level_noagg.npz","window_level_sample","352764","bf9a5c7549df992541a37b74f7dbfe1cac6b8989e876e1383487e8377a570227","Supplementary window-level prediction bundle"
"sample_predictions/window_level/ecgfounder/super/frozen/PTBXL_SUPER_02_ECGFOUNDER_FROZEN_FORMAL_window_level_noagg.npz","window_level_sample","352764","7dae9f37f48b899bbc68acf76ab00d154f231923cb84b8bdf2bcbb5dd746aa69","Supplementary window-level prediction bundle"
"sample_predictions/window_level/ecgfounder/super/linear/PTBXL_SUPER_03_ECGFOUNDER_LINEAR_FORMAL_window_level_noagg.npz","window_level_sample","352764","99de8b7f5320b5b0feec02718649d1bc2509f723797f632ca8e01970a1ead6d9","Supplementary window-level prediction bundle"
"sample_predictions/window_level/ecg-jepa/all/finetuning/PTBXL_ALL_ECG_JEPA_FINETUNING_FORMAL_window_level_noagg.npz","window_level_sample","1251456","56f20d55fb4f9f496498cf1f5f62799ec1edc901408c49831c18bd493c784915","Supplementary window-level prediction bundle"
"sample_predictions/window_level/ecg-jepa/all/frozen/PTBXL_ALL_ECG_JEPA_FROZEN_FORMAL_RUN_003_window_level_noagg.npz","window_level_sample","1251456","a0dbc8135cda2a2092fcb4ad98281fa188549da228c034abed765383b8fd2f03","Supplementary window-level prediction bundle"
"sample_predictions/window_level/ecg-jepa/all/linear/PTBXL_ALL_ECG_JEPA_LINEAR_FORMAL_RUN_004_window_level_noagg.npz","window_level_sample","1251456","52ae2cb6a18ec59a27260f1f47a25fa6e01df681458f2e6fed2bd12d50a11c0d","Supplementary window-level prediction bundle"
"sample_predictions/window_level/ecg-jepa/sub/finetuning/PTBXL_SUB_04_ECG_JEPA_FINETUNING_FORMAL_window_level_noagg.npz","window_level_sample","406264","f08e203430c8cf1c1efa1ad8630d24542995488b904ebdd7cc910bc41e6ded62","Supplementary window-level prediction bundle"
"sample_predictions/window_level/ecg-jepa/sub/frozen/PTBXL_SUB_05_ECG_JEPA_FROZEN_FORMAL_window_level_noagg.npz","window_level_sample","406264","61dc13797aca505d5d42c7ca0d59dab2b8dd8c2fcea316af2e59a4c92030e9e1","Supplementary window-level prediction bundle"
"sample_predictions/window_level/ecg-jepa/sub/linear/PTBXL_SUB_06_ECG_JEPA_LINEAR_FORMAL_window_level_noagg.npz","window_level_sample","406264","36cb2ba48d01d29de38554b106cc0e51be3ecb6e413eec8f70131ba0114d40f8","Supplementary window-level prediction bundle"
"sample_predictions/window_level/ecg-jepa/super/finetuning/PTBXL_SUPER_04_ECG_JEPA_FINETUNING_FORMAL_window_level_noagg.npz","window_level_sample","89004","696515963349a4066fae309471ee5048f07560477153752dcc4bfb61536355a4","Supplementary window-level prediction bundle"
"sample_predictions/window_level/ecg-jepa/super/frozen/PTBXL_SUPER_05_ECG_JEPA_FROZEN_FORMAL_window_level_noagg.npz","window_level_sample","89004","c4b01c89288d8a77b3872cd908a20e31e05e6e238ea27827a52b404c2e407f54","Supplementary window-level prediction bundle"
"sample_predictions/window_level/ecg-jepa/super/linear/PTBXL_SUPER_06_ECG_JEPA_LINEAR_FORMAL_window_level_noagg.npz","window_level_sample","89004","6d79dd5027a01bace559696e7a0b32732474ff8dfc0cee88f7c778259135468a","Supplementary window-level prediction bundle"
"sample_predictions/window_level/hubert-ecg/all/finetuning/PTBXL_ALL_HUBERT_ECG_FINETUNING_FORMAL_window_level_noagg.npz","window_level_sample","2499920","d4df66baf8b38638f4b006c01277e613585f3dbc2ae5ebae6e59e19e12320cb3","Supplementary window-level prediction bundle"
"sample_predictions/window_level/hubert-ecg/all/frozen/PTBXL_ALL_HUBERT_ECG_FROZEN_FORMAL_RUN_011_window_level_noagg.npz","window_level_sample","2499920","243ab601ee30385736af6c65778a7416be532339745e8a59ee104e85df4c98c6","Supplementary window-level prediction bundle"
"sample_predictions/window_level/hubert-ecg/all/linear/PTBXL_ALL_HUBERT_ECG_LINEAR_FORMAL_RUN_012_window_level_noagg.npz","window_level_sample","2499920","85fa04f6314befd913c4f6272f6071ca1acc95579cad3e814d504f49cfe7c701","Supplementary window-level prediction bundle"
"sample_predictions/window_level/hubert-ecg/sub/finetuning/PTBXL_SUB_16_HUBERT_ECG_FINETUNING_FORMAL_SUB3_window_level_noagg.npz","window_level_sample","810696","82662a2c02a8f1db727f3f71c367d030d309688de02d23cbfcb3856fc97fb45f","Supplementary window-level prediction bundle"
"sample_predictions/window_level/hubert-ecg/sub/frozen/PTBXL_SUB_17_HUBERT_ECG_FROZEN_FORMAL_SUB3_window_level_noagg.npz","window_level_sample","810696","a04f0c80e4d70c43f2f7385ddccb56924c8b14962aae8a4c45d294fe72fb196a","Supplementary window-level prediction bundle"
"sample_predictions/window_level/hubert-ecg/sub/linear/PTBXL_SUB_18_HUBERT_ECG_LINEAR_FORMAL_SUB3_window_level_noagg.npz","window_level_sample","810696","643c673df13baf6bad53b135711e4ca0bd42f439c2f93dbb1f6abba0988011b8","Supplementary window-level prediction bundle"
"sample_predictions/window_level/hubert-ecg/super/finetuning/PTBXL_SUPER_16_HUBERT_ECG_FINETUNING_FORMAL_SUPER3_window_level_noagg.npz","window_level_sample","176924","2679a74dd8c136d841e64fa2996ac179bca0e6aa438ed7fe5fd36d3fc8367430","Supplementary window-level prediction bundle"
"sample_predictions/window_level/hubert-ecg/super/frozen/PTBXL_SUPER_17_HUBERT_ECG_FROZEN_FORMAL_SUPER3_window_level_noagg.npz","window_level_sample","176924","c1fb2cf8509aed35ce504a10decbafee55e3be7e076ff255d077de15168d0e31","Supplementary window-level prediction bundle"
"sample_predictions/window_level/hubert-ecg/super/linear/PTBXL_SUPER_18_HUBERT_ECG_LINEAR_FORMAL_SUPER3_window_level_noagg.npz","window_level_sample","176924","d739a1a0edc4a6097dbc124cc6eca01f0cb468d22bd8782e4e34f9eb1f6c97a2","Supplementary window-level prediction bundle"
"sample_predictions/window_level/merl/all/finetuning/PTBXL_ALL_MERL_FINETUNING_FORMAL_window_level_noagg.npz","window_level_sample","4996848","36a3e895dc09056f7f3e9138abfbe7994e116945f7944e0e562e557a0845cb4b","Supplementary window-level prediction bundle"
"sample_predictions/window_level/merl/all/frozen/PTBXL_ALL_MERL_FROZEN_FORMAL_RUN_007_window_level_noagg.npz","window_level_sample","4996848","d0422795a200f7df4b9b0a29360b2935cd9fe19fc9a61412fe3263e45179ece0","Supplementary window-level prediction bundle"
"sample_predictions/window_level/merl/all/linear/PTBXL_ALL_MERL_LINEAR_FORMAL_RUN_008_window_level_noagg.npz","window_level_sample","4996848","41340d299f90a69e880bd0bcae4e84cf789b52b41c4144e434d327676a214f0e","Supplementary window-level prediction bundle"
"sample_predictions/window_level/merl/sub/finetuning/PTBXL_SUB_10_MERL_FINETUNING_FORMAL_SUB1_window_level_noagg.npz","window_level_sample","1619560","28adc32cdd8f30428aac50605bbead771ac991d6de8980af77247fc8e50beafe","Supplementary window-level prediction bundle"
"sample_predictions/window_level/merl/sub/frozen/PTBXL_SUB_11_MERL_FROZEN_FORMAL_SUB1_window_level_noagg.npz","window_level_sample","1619560","92ec7b4526b78c026011b89c54f14a51ca970ea0b8d6a3fc5a0e990e788786f2","Supplementary window-level prediction bundle"
"sample_predictions/window_level/merl/sub/linear/PTBXL_SUB_12_MERL_LINEAR_FORMAL_SUB1_window_level_noagg.npz","window_level_sample","1619560","f96087fa91bb4ef498e8809547508abc746a5607276db903ea54248d775b5e5d","Supplementary window-level prediction bundle"
"sample_predictions/window_level/merl/super/finetuning/PTBXL_SUPER_10_MERL_FINETUNING_FORMAL_SUPER1_window_level_noagg.npz","window_level_sample","352764","621ca7dd95658dbf7d02382fa99799adc4fb744612efb798269f516d20d934b7","Supplementary window-level prediction bundle"
"sample_predictions/window_level/merl/super/frozen/PTBXL_SUPER_11_MERL_FROZEN_FORMAL_SUPER1_window_level_noagg.npz","window_level_sample","352764","940753b461f3ecb96336ddd31999347fae8e6c81deb0c145fd351b804e0d213f","Supplementary window-level prediction bundle"
"sample_predictions/window_level/merl/super/linear/PTBXL_SUPER_12_MERL_LINEAR_FORMAL_SUPER1_window_level_noagg.npz","window_level_sample","352764","09de6eb4d23f21d4725f89aab38daf6c8b1e9d31133cf7943da4fc1951bcd2f5","Supplementary window-level prediction bundle"
"sample_predictions/window_level/net1d/all/finetuning/PTBXL_ALL_NET1D_FINETUNING_FORMAL_window_level_noagg.npz","window_level_sample","4996848","41132935b611e356117d42171cc2f63d106992c4a3caf49987c3d96cc9708b8a","Supplementary window-level prediction bundle"
"sample_predictions/window_level/net1d/sub/finetuning/PTBXL_SUB_20_NET1D_FINETUNING_FORMAL_SUB4_window_level_noagg.npz","window_level_sample","1619560","176e55a8774de66895f0318c9892b77bc9f5d60551b8c312b62343348a2bf249","Supplementary window-level prediction bundle"
"sample_predictions/window_level/net1d/super/finetuning/PTBXL_SUPER_20_NET1D_FINETUNING_FORMAL_SUPER4_window_level_noagg.npz","window_level_sample","352764","30b286f21c62b7e051865e89df239766c46f895230c7bebba87ebaf985856315","Supplementary window-level prediction bundle"
"sample_predictions/window_level/s4/all/finetuning/PTBXL_ALL_S4_FINETUNING_FORMAL_window_level_noagg.npz","window_level_sample","4996848","dc8e82a663d2fb908ea5087d14d75e06e9aae269e62cff64d015157e93ad88f3","Supplementary window-level prediction bundle"
"sample_predictions/window_level/s4/sub/finetuning/PTBXL_SUB_19_S4_FINETUNING_FORMAL_SUB4_window_level_noagg.npz","window_level_sample","1619560","c4e187b7a43da356fdbc4aabfdec01fe05897062a8b057419275766126543c48","Supplementary window-level prediction bundle"
"sample_predictions/window_level/s4/super/finetuning/PTBXL_SUPER_19_S4_FINETUNING_FORMAL_SUPER4_window_level_noagg.npz","window_level_sample","352764","7a79f432d6461ac290423d8bdf14ecfbe409925e5a609bd1d7fc87cfd240c6f6","Supplementary window-level prediction bundle"
"sample_predictions/window_level/st-mem/all/finetuning/PTBXL_ALL_ST_MEM_FINETUNING_FORMAL_window_level_noagg.npz","window_level_sample","4996848","6acdb0233c588f3730fbaf45c657f564552107b9432200d8f4cabfea06fac286","Supplementary window-level prediction bundle"
"sample_predictions/window_level/st-mem/all/frozen/PTBXL_ALL_ST_MEM_FROZEN_FORMAL_RUN_005_window_level_noagg.npz","window_level_sample","4996848","8af374b76f4fa34de11f37f74ff5fccc961b0fce443f102bea14ce2738c74c9e","Supplementary window-level prediction bundle"
"sample_predictions/window_level/st-mem/all/linear/PTBXL_ALL_ST_MEM_LINEAR_FORMAL_RUN_006_window_level_noagg.npz","window_level_sample","4996848","3b7493fae416938627838d39df8bf1321a9239a737d18d59b40e81f92ef23b42","Supplementary window-level prediction bundle"
"sample_predictions/window_level/st-mem/sub/finetuning/PTBXL_SUB_07_ST_MEM_FINETUNING_FORMAL_RETRY_03_window_level_noagg.npz","window_level_sample","1619560","21d352e8d9e657953b44d4c045cb3de2c9ffba552760967d5924c2a342f2b6a3","Supplementary window-level prediction bundle"
"sample_predictions/window_level/st-mem/sub/frozen/PTBXL_SUB_08_ST_MEM_FROZEN_FORMAL_window_level_noagg.npz","window_level_sample","1619560","803dae078b4c7e1e6cecc151e4ac42700c5a4b915d686086bf8fefcc931c4847","Supplementary window-level prediction bundle"
"sample_predictions/window_level/st-mem/sub/linear/PTBXL_SUB_09_ST_MEM_LINEAR_FORMAL_window_level_noagg.npz","window_level_sample","1619560","3deb9ddaa6f424bddf475e0136cadd0ebf22dc1b36b9e59e725e816f684108af","Supplementary window-level prediction bundle"
"sample_predictions/window_level/st-mem/super/finetuning/PTBXL_SUPER_07_ST_MEM_FINETUNING_FORMAL_RETRY_03_window_level_noagg.npz","window_level_sample","352764","a4f4cc7f35be808c6302167e5ce6017b0869e768c8a6bf8d743e4993c6080d3a","Supplementary window-level prediction bundle"
"sample_predictions/window_level/st-mem/super/frozen/PTBXL_SUPER_08_ST_MEM_FROZEN_FORMAL_window_level_noagg.npz","window_level_sample","352764","baf18e52c255bd346e31cb71d19af8a05da38fb94d816eeaf73f4f48808eb1c5","Supplementary window-level prediction bundle"
"sample_predictions/window_level/st-mem/super/linear/PTBXL_SUPER_09_ST_MEM_LINEAR_FORMAL_window_level_noagg.npz","window_level_sample","352764","c6eafaa704ecfe3174116ed36f2be8ab40ffd93458a29ad31fcf6c3045f9f5bf","Supplementary window-level prediction bundle"
"THIRD_PARTY_NOTICES.md","documentation","1682","3ae84a776cf9d48e8f87fc460d98ed7e4a698828a182dd40494ffc37373bc174","Project documentation"
